MA0636.1:::BHLHE41	GTCACGTGAC	>1:11789992-11790944
MA0663.1:::MLX	ATCACGTGAT	>1:11789992-11790944
MA0665.1:::MSC	AACAGCTGTT	>1:11789992-11790944
MA0667.1:::MYF6	AACAGCTGTT	>1:11789992-11790944
MA0715.1:::PROP1	TAATTTAATTA	>1:11789992-11790944
MA0777.1:::MYBL2	AACCGTTAAACGGTC	>1:11789992-11790944
MA1155.1:::ZSCAN4	TGCACACACTGAAAA	>1:11789992-11790944
MA1493.1:::HES6	GGCACGTGTT	>1:11789992-11790944
MA1580.1:::ZBTB32	TGTACAGTAT	>1:11789992-11790944
MA0878.3:::CDX1	GGCAATAAAA	>1:11789992-11790944
MA2327.1:::PGR	ACAGTCTGT	>1:11789992-11790944
MA0854.2:::ALX1	TTAATTAA	>1:11789992-11790944
MA1464.2:::ARNT2	GTCACGTG	>1:11789992-11790944
MA0877.4:::BARHL1	CGTTTA	>1:11789992-11790944
MA0464.3:::BHLHE40	TCACGTGA	>1:11789992-11790944
MA0058.4:::MAX	CACGTG	>1:11789992-11790944
MA0651.3:::HOXC11	AGGTCGTAAAA	>1:11789992-11790944
MA0485.3:::HOXC9	GTCGTAAAA	>1:11789992-11790944
MA0873.2:::HOXD12	AGTCGTAAAA	>1:11789992-11790944
MA1419.2:::IRF4	CGAAACCGAAACTA	>1:11789992-11790944
MA0652.2:::IRF8	CGAAACCGAAACT	>1:11789992-11790944
MA0703.3:::LMX1B	TTAATTAA	>1:11789992-11790944
MA0059.2:::MAX::MYC	ACCACGTGGT	>1:11789992-11790944
MA0621.2:::MIX-A	TTAATTA	>1:11789992-11790944
MA0622.2:::MLXIP	CACGTG	>1:11789992-11790944
MA0825.2:::MNT	CACGTG	>1:11789992-11790944
MA1643.2:::NFIB	CCTGGCATTGTGCCAAG	>1:11789992-11790944
MA1537.2:::NR2F1	AGGTCAAAGGTCA	>1:11789992-11790944
MA0677.2:::NR2F6	AGGTCAAAGGTCA	>1:11789992-11790944
MA0679.3:::ONECUT1	AAATCAATA	>1:11789992-11790944
MA0681.3:::PHOX2B	TAATCAAATTAT	>1:11789992-11790944
MA0628.2:::POU6F1	TAATTA	>1:11789992-11790944
MA1550.2:::PPARD	GGGGTCAAAGGTCA	>1:11789992-11790944
MA1999.2:::PRDM5	GTTCTCCATCT	>1:11789992-11790944
MA2458.1:::ZNF146	GAATAGTATTCCATT	>1:11789992-11790944
MA2507.1:::NACC2	ACACATGTGATAATGGACATGTGT	>1:11789992-11790944
MA2523.1:::ZNF689	CCAATGCAATAAG	>1:11789992-11790944
MA2552.1:::ZNF367	CCATTTAAC	>1:11789992-11790944
MA2553.1:::ZNF407	CTACGGAAGCCGAAGGG	>1:11789992-11790944
MA2563.1:::TIGD7	CTAATTCGGACT	>1:11789992-11790944
MA2584.1:::DNTTIP1	TGTGCATGCAT	>1:11789992-11790944
MA2503.1:::BANP	TCTCGCGAGA	>1:11789992-11790944
MA0071.1:::RORA	ATCAAGGTCA	>1:11827800-11828387
MA0142.1:::POU5F1::SOX2	CTTTGTTATGCAAAT	>1:11827800-11828387
MA0595.1:::SREBF1	ATCACCCCAC	>1:11827800-11828387
MA0691.1:::TFAP4	AACAGCTGAT	>1:11827800-11828387
MA0715.1:::PROP1	TAATTTAATTA	>1:11827800-11828387
MA0789.1:::POU3F4	TATGCAAAT	>1:11827800-11828387
MA0845.1:::FOXB1	TATGTAAATAT	>1:11827800-11828387
MA0032.2:::FOXC1	TATGTAAATAT	>1:11827800-11828387
MA1155.1:::ZSCAN4	TGCACACACTGAAAA	>1:11827800-11828387
MA1420.1:::IRF5	CCGAAACCGAAACT	>1:11827800-11828387
MA1588.1:::ZNF136	GAATTCTTGGTTGAC	>1:11827800-11828387
MA2102.1:::ZBTB17	AATCGATT	>1:11827800-11828387
MA1980.1:::ZNF418	AAGAGGCTAAAAGCA	>1:11827800-11828387
MA1547.2:::PITX2	TTAATCCC	>1:11827800-11828387
MA2323.1:::PGR	AAGAACAAATTGTTCTT	>1:11827800-11828387
MA2327.1:::PGR	ACAGTCTGT	>1:11827800-11828387
MA0007.4:::AR	GGGAACACGGTGTACC	>1:11827800-11828387
MA0461.3:::ATOH1	AACATATG	>1:11827800-11828387
MA1467.3:::ATOH1	CAGATGG	>1:11827800-11828387
MA0489.3:::JUN	TGACTCAT	>1:11827800-11828387
MA0836.3:::CEBPD	TTGCACAA	>1:11827800-11828387
MA0018.5:::CREB1	TGATGTCA	>1:11827800-11828387
MA0754.3:::CUX1	TAATCGATA	>1:11827800-11828387
MA0883.2:::DMBX1	AACCGGATTA	>1:11827800-11828387
MA1480.2:::DPRX	AGATAATCC	>1:11827800-11828387
MA1950.2:::FLI1::FOXI1	TAAACAGGAAG	>1:11827800-11828387
MA0478.2:::FOSL2	GATGACTCAT	>1:11827800-11828387
MA0847.4:::FOXD2	TTAAACAAACA	>1:11827800-11828387
MA1955.2:::FOXO1::ELK3	GTAAACAGGAAGT	>1:11827800-11828387
MA1956.2:::FOXO1::FLI1	GTAAACAGGAAGT	>1:11827800-11828387
MA0897.2:::HMX2	AAGCAATTAAAGAAT	>1:11827800-11828387
MA0051.2:::IRF2	GGAAAGCGAAACCAAA	>1:11827800-11828387
MA0495.4:::MAFF	GTCAGCATTTT	>1:11827800-11828387
MA0659.4:::MAFG	GCTGACTCAGCA	>1:11827800-11828387
MA1642.2:::NEUROG2	CAGATGG	>1:11827800-11828387
MA0122.4:::NKX3-2	AACCACTTAA	>1:11827800-11828387
MA0164.2:::NR2E3	AAGCTT	>1:11827800-11828387
MA0679.3:::ONECUT1	AAATCAATA	>1:11827800-11828387
MA0785.2:::POU2F1	TATGCAAAT	>1:11827800-11828387
MA0786.2:::POU3F1	TTATGCAAAT	>1:11827800-11828387
MA0790.2:::POU4F1	TGAATAATTAAT	>1:11827800-11828387
MA0791.2:::POU4F3	TGCATAATTAAT	>1:11827800-11828387
MA1150.2:::RORB	AATTAGGTCA	>1:11827800-11828387
MA2001.2:::SIX4	AACCTGA	>1:11827800-11828387
MA0829.3:::SREBF1	ATCACCTGAT	>1:11827800-11828387
MA0517.2:::STAT1::STAT2	AGTTTCATTTTCC	>1:11827800-11828387
MA0769.3:::TCF7	CTTTGAT	>1:11827800-11828387
MA0698.2:::ZBTB18	ATCCAGATGTT	>1:11827800-11828387
MA1709.2:::ZIM3	CAACAGAAACC	>1:11827800-11828387
MA1974.2:::ZNF211	TATATACCAT	>1:11827800-11828387
MA1125.2:::ZNF384	AAAAAAAA	>1:11827800-11828387
MA1729.2:::ZNF680	CCAAGAAGAAT	>1:11827800-11828387
MA2488.1:::ZBTB40	AAAACTTTATT	>1:11827800-11828387
MA2491.1:::ZNF134	CCTTCACCTGATTAG	>1:11827800-11828387
MA2507.1:::NACC2	ACACATGTGATAATGGACATGTGT	>1:11827800-11828387
MA2508.1:::CASZ1	TTTTTTCCCCAAAA	>1:11827800-11828387
MA2517.1:::ZSCAN25	GCAGGGGTGAGG	>1:11827800-11828387
MA2533.1:::ZNF814	GAGACTAGGGAGGGAC	>1:11827800-11828387
MA2568.1:::ZNF568	AAAGAACAGC	>1:11827800-11828387
MA2584.1:::DNTTIP1	TGTGCATGCAT	>1:11827800-11828387
MA2593.1:::ZNF362	AAAAAAAAAA	>1:11827800-11828387
MA2595.1:::ZNF700	AATGCAATAA	>1:11827800-11828387
MA2600.1:::TPRX1	AAAAGGATTA	>1:11827800-11828387
MA2689.1:::ZNF470	TTCTCTTCTGTTTCCT	>1:11827800-11828387
MA0074.1:::RXRA::VDR	GGGTCAACGAGTTCA	>1:19397630-19398566
MA0468.1:::DUX4	TAATTTAATCA	>1:19397630-19398566
MA0153.2:::HNF1B	GTTAATGATTAAC	>1:19397630-19398566
MA0655.1:::JDP2	ATGACTCAT	>1:19397630-19398566
MA0660.1:::MEF2B	GCTATAAATAGC	>1:19397630-19398566
MA0715.1:::PROP1	TAATTTAATTA	>1:19397630-19398566
MA0773.1:::MEF2D	ACTATAAATAGA	>1:19397630-19398566
MA1124.1:::ZNF24	CATTCATTCATTC	>1:19397630-19398566
MA1155.1:::ZSCAN4	TGCACACACTGAAAA	>1:19397630-19398566
MA1715.1:::ZNF707	CCCCACTCCTGGTAC	>1:19397630-19398566
MA2097.1:::ZNF75A	GCTTTTCCCACA	>1:19397630-19398566
MA1980.1:::ZNF418	AAGAGGCTAAAAGCA	>1:19397630-19398566
MA2327.1:::PGR	ACAGTCTGT	>1:19397630-19398566
MA0833.3:::ATF4	ATGATGCAAT	>1:19397630-19398566
MA0102.5:::CEBPA	ATTGCACAAT	>1:19397630-19398566
MA1603.2:::DMRT1	TACAAAGTA	>1:19397630-19398566
MA0478.2:::FOSL2	GATGACTCAT	>1:19397630-19398566
MA0046.3:::HNF1A	GTTAATGATTAAC	>1:19397630-19398566
MA1418.2:::IRF3	GAAACGGAAACCGAAAC	>1:19397630-19398566
MA0681.3:::PHOX2B	TAATCAAATTAT	>1:19397630-19398566
MA0790.2:::POU4F1	TGAATAATTAAT	>1:19397630-19398566
MA0791.2:::POU4F3	TGCATAATTAAT	>1:19397630-19398566
MA0631.2:::SIX3	ATAGGGTATCA	>1:19397630-19398566
MA0869.3:::SOX11	GAACAAAG	>1:19397630-19398566
MA1120.2:::SOX13	ACAATGG	>1:19397630-19398566
MA0829.3:::SREBF1	ATCACCTGAT	>1:19397630-19398566
MA0526.5:::USF2	GTCACGTGAC	>1:19397630-19398566
MA1585.2:::ZKSCAN1	ATAGTAGGT	>1:19397630-19398566
MA1981.2:::ZNF530	GAAAGGAAAGGGGC	>1:19397630-19398566
MA2462.1:::ZNF250	TAATCAAAACAGTA	>1:19397630-19398566
MA2504.1:::BCL11A	TTGACCAA	>1:19397630-19398566
MA2507.1:::NACC2	ACACATGTGATAATGGACATGTGT	>1:19397630-19398566
MA2519.1:::ZNF606	CCTCGGTTTCCTCA	>1:19397630-19398566
MA2523.1:::ZNF689	CCAATGCAATAAG	>1:19397630-19398566
MA2526.1:::ZNF721	AAAAACAGTGTTTC	>1:19397630-19398566
MA2527.1:::ZNF726	TAAGCAATCCC	>1:19397630-19398566
MA2533.1:::ZNF814	GAGACTAGGGAGGGAC	>1:19397630-19398566
MA2537.1:::SALL3	ATACATATT	>1:19397630-19398566
MA2543.1:::ZBTB47	AAAGGGTTAA	>1:19397630-19398566
MA2554.1:::ZNF471	TCTCCATCTCTTTT	>1:19397630-19398566
MA2580.1:::ZNF20	AGTACACTCC	>1:19397630-19398566
MA2584.1:::DNTTIP1	TGTGCATGCAT	>1:19397630-19398566
MA2598.1:::MSANTD1	CACTTAAGTG	>1:19397630-19398566
MA2691.1:::ZNF841	AGAAGCAGCCAGG	>1:19397630-19398566
MA0107.1:::RELA	GGGAATTTCC	>1:19664609-19665513
MA0613.1:::FOXG1	GTAAACAA	>1:19664609-19665513
MA0669.1:::NEUROG2	AACATATGTC	>1:19664609-19665513
MA0758.1:::E2F7	TTTTCCCGCCAAAA	>1:19664609-19665513
MA0780.1:::PAX3	TAATCGATTA	>1:19664609-19665513
MA0795.1:::SMAD3	CGTCTAGACA	>1:19664609-19665513
MA1124.1:::ZNF24	CATTCATTCATTC	>1:19664609-19665513
MA1634.2:::BATF	TGACTCA	>1:19664609-19665513
MA0462.3:::BATF::JUN	TGACTCA	>1:19664609-19665513
MA0489.3:::JUN	TGACTCAT	>1:19664609-19665513
MA0835.3:::BATF3	TGACTCA	>1:19664609-19665513
MA1928.2:::BNC2	TGAGTCA	>1:19664609-19665513
MA0611.3:::DUX	TGATTCAATCA	>1:19664609-19665513
MA1940.2:::ETV2::DRGX	CGGAAGTAATTA	>1:19664609-19665513
MA1944.2:::ETV5::DRGX	CGGAAGTAATTA	>1:19664609-19665513
MA0476.2:::FOS	TGACTCAT	>1:19664609-19665513
MA0478.2:::FOSL2	GATGACTCAT	>1:19664609-19665513
MA1130.2:::FOSL2::JUN	ATGAGTCAT	>1:19664609-19665513
MA1487.3:::FOXE1	CTAAATAAACAA	>1:19664609-19665513
MA0030.2:::FOXF2	CGTAAACAA	>1:19664609-19665513
MA0851.2:::FOXJ3	GTAAACAAA	>1:19664609-19665513
MA0038.3:::GFI1	AAATCACTGCA	>1:19664609-19665513
MA0043.4:::HLF	TTATGCAAC	>1:19664609-19665513
MA1108.3:::MXI1	CACATG	>1:19664609-19665513
MA0757.2:::ONECUT3	AAAAATCAATAA	>1:19664609-19665513
MA0080.7:::SPI1	AAAGAGGAAGTGG	>1:19664609-19665513
MA1966.2:::TFAP4::ETV1	CCGGAAGCAGGTG	>1:19664609-19665513
MA1967.2:::TFAP4::FLI1	ACCGGAAACAGCTG	>1:19664609-19665513
MA2515.1:::ZNF865	GTGTGTGCGCGC	>1:19664609-19665513
MA2529.1:::ZNF772	TTCCTAATCAGTTGACTTT	>1:19664609-19665513
MA2556.1:::ZNF510	TTAATGAGGAAACCA	>1:19664609-19665513
MA2568.1:::ZNF568	AAAGAACAGC	>1:19664609-19665513
MA2600.1:::TPRX1	AAAAGGATTA	>1:19664609-19665513
MA2485.1:::DUXBL1	TTAATCTAATCAA	>1:19664609-19665513
MA2486.1:::FOSB	TGACTCA	>1:19664609-19665513
MA0506.3:::NRF1	CTGCGCCTGCGC	>1:19664609-19665513
MA0163.1:::PLAG1	GGGGCCCAAGGGGG	>1:21800101-21801003
MA0468.1:::DUX4	TAATTTAATCA	>1:21800101-21801003
MA0641.1:::ELF4	AACCCGGAAGTG	>1:21800101-21801003
MA0153.2:::HNF1B	GTTAATGATTAAC	>1:21800101-21801003
MA0653.1:::IRF9	AACGAAACCGAAACT	>1:21800101-21801003
MA0655.1:::JDP2	ATGACTCAT	>1:21800101-21801003
MA0660.1:::MEF2B	GCTATAAATAGC	>1:21800101-21801003
MA0665.1:::MSC	AACAGCTGTT	>1:21800101-21801003
MA0667.1:::MYF6	AACAGCTGTT	>1:21800101-21801003
MA0691.1:::TFAP4	AACAGCTGAT	>1:21800101-21801003
MA0736.1:::GLIS2	GACCCCCCGCGAAG	>1:21800101-21801003
MA0773.1:::MEF2D	ACTATAAATAGA	>1:21800101-21801003
MA0797.1:::TGIF2	TGACAGCTGTCA	>1:21800101-21801003
MA0813.1:::TFAP2B	TGCCCTGAGGGCA	>1:21800101-21801003
MA0815.1:::TFAP2C	TGCCCTGAGGGCA	>1:21800101-21801003
MA0816.1:::ASCL2	AGCAGCTGCT	>1:21800101-21801003
MA0872.1:::TFAP2A	TGCCCTGAGGGCA	>1:21800101-21801003
MA1155.1:::ZSCAN4	TGCACACACTGAAAA	>1:21800101-21801003
MA1587.1:::ZNF135	CCTCGACCTCCTGA	>1:21800101-21801003
MA1596.1:::ZNF460	GCCTCAGCCTCCCGAG	>1:21800101-21801003
MA1718.1:::ZNF8	GTATGGATATACCACATTTT	>1:21800101-21801003
MA1962.1:::POU2F1::SOX2	AATTTGCATAACAATGG	>1:21800101-21801003
MA0079.5:::SP1	GGGGCGGGG	>1:21800101-21801003
MA0821.2:::HES5	GGCACGTGCC	>1:21800101-21801003
MA2323.1:::PGR	AAGAACAAATTGTTCTT	>1:21800101-21801003
MA0833.3:::ATF4	ATGATGCAAT	>1:21800101-21801003
MA0591.2:::BACH1::MAFK	GATGACTCAGCA	>1:21800101-21801003
MA1101.3:::BACH2	CATGACTCATC	>1:21800101-21801003
MA1472.3:::BHLHA15	ACAGCTGT	>1:21800101-21801003
MA1635.2:::BHLHE22	CAGCTG	>1:21800101-21801003
MA1929.2:::CTCF	CTGCAGTTCCAGCTGTGGCCACCAGGGGGCG	>1:21800101-21801003
MA1102.3:::CTCFL	CAGGGGGC	>1:21800101-21801003
MA0639.2:::DBP	ATTACGTAAC	>1:21800101-21801003
MA0611.3:::DUX	TGATTCAATCA	>1:21800101-21801003
MA0864.3:::E2F2	TTTTGGCGCCATT	>1:21800101-21801003
MA1604.2:::EBF2	CCCAAGGGA	>1:21800101-21801003
MA1637.2:::EBF3	CCCAAGGGA	>1:21800101-21801003
MA1932.2:::ELK1::HOXB13	ACCGGAAGTTGTAAA	>1:21800101-21801003
MA0490.3:::JUNB	ATGACTCAT	>1:21800101-21801003
MA0491.3:::JUND	ATGACTCAT	>1:21800101-21801003
MA0478.2:::FOSL2	GATGACTCAT	>1:21800101-21801003
MA0649.2:::HEY2	GACACGTGC	>1:21800101-21801003
MA0043.4:::HLF	TTATGCAAC	>1:21800101-21801003
MA0485.3:::HOXC9	GTCGTAAAA	>1:21800101-21801003
MA1641.2:::MYF5	ACAGCTGT	>1:21800101-21801003
MA0500.3:::MYOG	GCAGCTGC	>1:21800101-21801003
MA1993.2:::NEUROD2	CAGCTG	>1:21800101-21801003
MA1527.2:::NFIC	TTGGCACGGTGCCAA	>1:21800101-21801003
MA0025.3:::NFIL3	TTATGCAAT	>1:21800101-21801003
MA1528.2:::NFIX	TTGGCACGGTGCCA	>1:21800101-21801003
MA0504.2:::NR2C2	GGGGTCAGAGGTCA	>1:21800101-21801003
MA0677.2:::NR2F6	AGGTCAAAGGTCA	>1:21800101-21801003
MA1997.2:::OLIG2	CAGCTG	>1:21800101-21801003
MA1548.2:::PLAGL2	GGGCCCCC	>1:21800101-21801003
MA0507.3:::POU2F2	ATATGCAAATTAG	>1:21800101-21801003
MA1647.3:::PRDM4	CCTTGAAACTG	>1:21800101-21801003
MA1619.2:::PTF1A	ACAGCTGT	>1:21800101-21801003
MA1965.2:::SP5	CCTCCC	>1:21800101-21801003
MA0518.2:::STAT4	TTCCAGGAAA	>1:21800101-21801003
MA0521.3:::TCF12	CAGCTG	>1:21800101-21801003
MA0832.2:::TCF21	AACAGCTGTT	>1:21800101-21801003
MA0633.3:::TWIST2	CAGCTG	>1:21800101-21801003
MA0698.2:::ZBTB18	ATCCAGATGTT	>1:21800101-21801003
MA0751.2:::ZIC4	GACCCCCCGCTGTG	>1:21800101-21801003
MA2462.1:::ZNF250	TAATCAAAACAGTA	>1:21800101-21801003
MA0089.3:::MAFG::NRF1	ATGACTCAGCA	>1:21800101-21801003
MA2507.1:::NACC2	ACACATGTGATAATGGACATGTGT	>1:21800101-21801003
MA2515.1:::ZNF865	GTGTGTGCGCGC	>1:21800101-21801003
MA2587.1:::ZNF672	CATCCCCCTGCCTCC	>1:21800101-21801003
MA0116.2:::ZNF423	GCTCCCTGGGGAG	>1:21800101-21801003
MA2485.1:::DUXBL1	TTAATCTAATCAA	>1:21800101-21801003
MA0074.1:::RXRA::VDR	GGGTCAACGAGTTCA	>1:26161377-26162490
MA0107.1:::RELA	GGGAATTTCC	>1:26161377-26162490
MA0153.2:::HNF1B	GTTAATGATTAAC	>1:26161377-26162490
MA1124.1:::ZNF24	CATTCATTCATTC	>1:26161377-26162490
MA1571.1:::TGIF2LX	TGACAGCTGTCA	>1:26161377-26162490
MA1572.1:::TGIF2LY	TGACAGCTGTCA	>1:26161377-26162490
MA0609.3:::CREM	GTGACGTCAC	>1:26161377-26162490
MA0643.2:::ESRRG	TCAAGGTCA	>1:26161377-26162490
MA0046.3:::HNF1A	GTTAATGATTAAC	>1:26161377-26162490
MA0772.2:::IRF7	CGAAAGCGAAAGT	>1:26161377-26162490
MA0029.2:::MECOM	AGATAAGATAA	>1:26161377-26162490
MA1111.2:::NR2F2	AAGGTCA	>1:26161377-26162490
MA0757.2:::ONECUT3	AAAAATCAATAA	>1:26161377-26162490
MA1620.2:::PTF1A	ACACCTGT	>1:26161377-26162490
MA0073.2:::RREB1	CCCCAAACCACCCCCCCCC	>1:26161377-26162490
MA0517.2:::STAT1::STAT2	AGTTTCATTTTCC	>1:26161377-26162490
MA0804.2:::TBX19	TCACACCTAGGTGTGAA	>1:26161377-26162490
MA0103.4:::ZEB1	CACCTG	>1:26161377-26162490
MA1730.2:::ZNF708	GCTGTGCCT	>1:26161377-26162490
MA1716.2:::ZNF76	ACCCACAATGCACCGCG	>1:26161377-26162490
MA1720.2:::ZNF85	GAGATTACAGCA	>1:26161377-26162490
MA1602.2:::ZSCAN29	CGTCTACACGG	>1:26161377-26162490
MA2462.1:::ZNF250	TAATCAAAACAGTA	>1:26161377-26162490
MA2491.1:::ZNF134	CCTTCACCTGATTAG	>1:26161377-26162490
MA0159.1:::RARA::RXRA	AGGTCACGGAGAGGTCA	>1:29812662-29813580
MA0691.1:::TFAP4	AACAGCTGAT	>1:29812662-29813580
MA0780.1:::PAX3	TAATCGATTA	>1:29812662-29813580
MA0797.1:::TGIF2	TGACAGCTGTCA	>1:29812662-29813580
MA0860.1:::RARG	AAGGTCACGAAAGGTCA	>1:29812662-29813580
MA1127.1:::FOSB::JUN	GATGACGTCAT	>1:29812662-29813580
MA1129.1:::FOSL1::JUN	ATGACGTCAT	>1:29812662-29813580
MA2098.1:::ZNF766	AAGAAACCT	>1:29812662-29813580
MA1962.1:::POU2F1::SOX2	AATTTGCATAACAATGG	>1:29812662-29813580
MA2331.1:::ZNF157	AGGCCAGCAATATACCTTTAC	>1:29812662-29813580
MA0833.3:::ATF4	ATGATGCAAT	>1:29812662-29813580
MA0463.3:::BCL6	GCTTTCGAGGAAT	>1:29812662-29813580
MA1472.3:::BHLHA15	ACAGCTGT	>1:29812662-29813580
MA1635.2:::BHLHE22	CAGCTG	>1:29812662-29813580
MA0840.2:::CREB5	ATGACGTCAC	>1:29812662-29813580
MA0639.2:::DBP	ATTACGTAAC	>1:29812662-29813580
MA0843.2:::TEF	ATTACGTAAC	>1:29812662-29813580
MA0112.4:::ESR1	AGGTCACGGTGACCT	>1:29812662-29813580
MA1951.2:::FOS	GATGACGTCATCA	>1:29812662-29813580
MA1139.2:::FOSL2::JUNB	ATGACGTCAT	>1:29812662-29813580
MA1145.2:::FOSL2::JUND	ATGACGTCAT	>1:29812662-29813580
MA1494.2:::HNF4A	GGGTCCAAAGGTCA	>1:29812662-29813580
MA0656.2:::JDP2	ATGACGTCAT	>1:29812662-29813580
MA0500.3:::MYOG	GCAGCTGC	>1:29812662-29813580
MA1993.2:::NEUROD2	CAGCTG	>1:29812662-29813580
MA1537.2:::NR2F1	AGGTCAAAGGTCA	>1:29812662-29813580
MA1997.2:::OLIG2	CAGCTG	>1:29812662-29813580
MA0680.3:::PAX7	TAATCAATTA	>1:29812662-29813580
MA1550.2:::PPARD	GGGGTCAAAGGTCA	>1:29812662-29813580
MA1619.2:::PTF1A	ACAGCTGT	>1:29812662-29813580
MA0073.2:::RREB1	CCCCAAACCACCCCCCCCC	>1:29812662-29813580
MA0521.3:::TCF12	CAGCTG	>1:29812662-29813580
MA0832.2:::TCF21	AACAGCTGTT	>1:29812662-29813580
MA1969.2:::THRA	GTGTCCTCATGTGACCTC	>1:29812662-29813580
MA1576.2:::THRB	TGACCTTACGTGACCTTA	>1:29812662-29813580
MA0633.3:::TWIST2	CAGCTG	>1:29812662-29813580
MA0698.2:::ZBTB18	ATCCAGATGTT	>1:29812662-29813580
MA1600.2:::ZNF684	ACAGTCCACCCCTT	>1:29812662-29813580
MA2489.1:::ZFP28	ATTTTCTATTTCTTCTTG	>1:29812662-29813580
MA2495.1:::ZNF490	GACAGCATAT	>1:29812662-29813580
MA2515.1:::ZNF865	GTGTGTGCGCGC	>1:29812662-29813580
MA2567.1:::ZNF497	ATTGTTCATCCGTTT	>1:29812662-29813580
MA2593.1:::ZNF362	AAAAAAAAAA	>1:29812662-29813580
MA2598.1:::MSANTD1	CACTTAAGTG	>1:29812662-29813580
MA0107.1:::RELA	GGGAATTTCC	>1:29814559-29815467
MA0115.1:::NR1H2::RXRA	AAAGGTCAAAGGTCAAC	>1:29814559-29815467
MA0665.1:::MSC	AACAGCTGTT	>1:29814559-29815467
MA0669.1:::NEUROG2	AACATATGTC	>1:29814559-29815467
MA0512.2:::RXRA	GGGGTCAAAGGTCA	>1:29814559-29815467
MA0728.1:::NR2F6	GAGGTCAAAAGGTCA	>1:29814559-29815467
MA0783.1:::PKNOX2	TGACAGGTGTCA	>1:29814559-29815467
MA0797.1:::TGIF2	TGACAGCTGTCA	>1:29814559-29815467
MA0826.1:::OLIG1	AACATATGTT	>1:29814559-29815467
MA0855.1:::RXRB	GGGGTCAAAGGTCA	>1:29814559-29815467
MA0856.1:::RXRG	GGGGTCAAAGGTCA	>1:29814559-29815467
MA0863.1:::MTF1	TTTGCACACGGCAC	>1:29814559-29815467
MA1570.1:::TFAP4	AACATATGTT	>1:29814559-29815467
MA1571.1:::TGIF2LX	TGACAGCTGTCA	>1:29814559-29815467
MA1572.1:::TGIF2LY	TGACAGCTGTCA	>1:29814559-29815467
MA2102.1:::ZBTB17	AATCGATT	>1:29814559-29815467
MA0607.2:::BHLHA15	ACCATATGGT	>1:29814559-29815467
MA1511.2:::KLF10	GGGGCGGGG	>1:29814559-29815467
MA1532.2:::NR1D2	TGGGTTAGTAGGTCA	>1:29814559-29815467
MA1601.2:::ZNF75D	GTGGGAAAGCCT	>1:29814559-29815467
MA1472.3:::BHLHA15	ACAGCTGT	>1:29814559-29815467
MA0611.3:::DUX	TGATTCAATCA	>1:29814559-29815467
MA1126.2:::FOS::JUN	ATGACGTCAT	>1:29814559-29815467
MA1143.2:::FOSL1::JUND	ATGACGTAA	>1:29814559-29815467
MA1131.2:::FOSL2::JUN	ATGACGTCAT	>1:29814559-29815467
MA1494.2:::HNF4A	GGGTCCAAAGGTCA	>1:29814559-29815467
MA1418.2:::IRF3	GAAACGGAAACCGAAAC	>1:29814559-29815467
MA0772.2:::IRF7	CGAAAGCGAAAGT	>1:29814559-29815467
MA0664.2:::MLXIPL	ATCACGTG	>1:29814559-29815467
MA0672.2:::NKX2-3	CCACTTGA	>1:29814559-29815467
MA0504.2:::NR2C2	GGGGTCAGAGGTCA	>1:29814559-29815467
MA1537.2:::NR2F1	AGGTCAAAGGTCA	>1:29814559-29815467
MA1550.2:::PPARD	GGGGTCAAAGGTCA	>1:29814559-29815467
MA0745.3:::SNAI2	GCACCTGT	>1:29814559-29815467
MA0091.2:::TAL1::TCF3	ACCATCTGTT	>1:29814559-29815467
MA0093.4:::USF1	GTCATGTGAC	>1:29814559-29815467
MA0844.2:::XBP1	GCCACGTCATC	>1:29814559-29815467
MA0751.2:::ZIC4	GACCCCCCGCTGTG	>1:29814559-29815467
MA1728.2:::ZNF549	TGCTGCCC	>1:29814559-29815467
MA1657.2:::ZNF652	AAGAGTTAA	>1:29814559-29815467
MA2515.1:::ZNF865	GTGTGTGCGCGC	>1:29814559-29815467
MA2517.1:::ZSCAN25	GCAGGGGTGAGG	>1:29814559-29815467
MA2525.1:::ZNF699	GCAATGAAGGGTGA	>1:29814559-29815467
MA2536.1:::PRDM13	GCCACCTGCT	>1:29814559-29815467
MA2543.1:::ZBTB47	AAAGGGTTAA	>1:29814559-29815467
MA2550.1:::ZNF275	GGGTCCCTAGCACCT	>1:29814559-29815467
MA2581.1:::ZNF66	GGAGCTGC	>1:29814559-29815467
MA2587.1:::ZNF672	CATCCCCCTGCCTCC	>1:29814559-29815467
MA0159.1:::RARA::RXRA	AGGTCACGGAGAGGTCA	>1:35930949-35931862
MA0599.1:::KLF5	GCCCCGCCCC	>1:35930949-35931862
MA0153.2:::HNF1B	GTTAATGATTAAC	>1:35930949-35931862
MA0655.1:::JDP2	ATGACTCAT	>1:35930949-35931862
MA0696.1:::ZIC1	GACCCCCCGCTGTG	>1:35930949-35931862
MA0516.3:::SP2	GGGGCGGGG	>1:35930949-35931862
MA0685.2:::SP4	GGGGCGGGG	>1:35930949-35931862
MA1573.2:::THAP11	ACTACAATTCCCAG	>1:35930949-35931862
MA1601.2:::ZNF75D	GTGGGAAAGCCT	>1:35930949-35931862
MA1633.2:::BACH1	ATGACTCAT	>1:35930949-35931862
MA0854.2:::ALX1	TTAATTAA	>1:35930949-35931862
MA0853.2:::ALX4	CGCATTAATTAA	>1:35930949-35931862
MA1463.2:::ARGFX	CTAATTAA	>1:35930949-35931862
MA0874.2:::ARX	CATTAATTAA	>1:35930949-35931862
MA1101.3:::BACH2	CATGACTCATC	>1:35930949-35931862
MA1934.2:::ERF::FIGLA	CCGGAAACACCTG	>1:35930949-35931862
MA1953.2:::FOXO1::ELF1	GTAAACAGGAAGT	>1:35930949-35931862
MA0046.3:::HNF1A	GTTAATGATTAAC	>1:35930949-35931862
MA0135.2:::LHX3	AAATTAATTAAT	>1:35930949-35931862
MA0702.3:::LMX1A	TTAATTA	>1:35930949-35931862
MA0703.3:::LMX1B	TTAATTAA	>1:35930949-35931862
MA0841.2:::NFE2	ATGACTCATC	>1:35930949-35931862
MA0621.2:::MIX-A	TTAATTA	>1:35930949-35931862
MA0664.2:::MLXIPL	ATCACGTG	>1:35930949-35931862
MA1524.3:::MSGN1	GACAAATGGT	>1:35930949-35931862
MA1529.2:::NHLH2	GGCCGCAGCTGCGTCC	>1:35930949-35931862
MA1531.2:::NR1D1	GGGTCAGTAGGTCA	>1:35930949-35931862
MA0842.3:::NRL	AAAGTGCTGACG	>1:35930949-35931862
MA0507.3:::POU2F2	ATATGCAAATTAG	>1:35930949-35931862
MA0628.2:::POU6F1	TAATTA	>1:35930949-35931862
MA1965.2:::SP5	CCTCCC	>1:35930949-35931862
MA1627.2:::WT1	CCTCCCCCAC	>1:35930949-35931862
MA2489.1:::ZFP28	ATTTTCTATTTCTTCTTG	>1:35930949-35931862
MA2513.1:::FLYWCH1	ATTCCATTCGATTCCATTCGA	>1:35930949-35931862
MA2517.1:::ZSCAN25	GCAGGGGTGAGG	>1:35930949-35931862
MA2528.1:::ZNF732	CAGTGCCAAGGGAAGG	>1:35930949-35931862
MA2543.1:::ZBTB47	AAAGGGTTAA	>1:35930949-35931862
MA2567.1:::ZNF497	ATTGTTCATCCGTTT	>1:35930949-35931862
MA2603.1:::ZFTA	GGGGCCACA	>1:35930949-35931862
MA2677.1:::HOXD1	ACTAATTAC	>1:35930949-35931862
MA2681.1:::KLF8	GGGGGCGGGGC	>1:35930949-35931862
MA2691.1:::ZNF841	AGAAGCAGCCAGG	>1:35930949-35931862
MA2485.1:::DUXBL1	TTAATCTAATCAA	>1:35930949-35931862
MA0669.1:::NEUROG2	AACATATGTC	>1:38687772-38688659
MA0678.1:::OLIG2	ACCATATGGT	>1:38687772-38688659
MA0696.1:::ZIC1	GACCCCCCGCTGTG	>1:38687772-38688659
MA0728.1:::NR2F6	GAGGTCAAAAGGTCA	>1:38687772-38688659
MA0729.1:::RARA	GAGGTCAAAAGGTCAATG	>1:38687772-38688659
MA0780.1:::PAX3	TAATCGATTA	>1:38687772-38688659
MA0826.1:::OLIG1	AACATATGTT	>1:38687772-38688659
MA0857.1:::RARB	AAAGGTCAAAAGGTCA	>1:38687772-38688659
MA1124.1:::ZNF24	CATTCATTCATTC	>1:38687772-38688659
MA1420.1:::IRF5	CCGAAACCGAAACT	>1:38687772-38688659
MA1962.1:::POU2F1::SOX2	AATTTGCATAACAATGG	>1:38687772-38688659
MA2121.1:::ZNF213	GCCCAGGCTGCG	>1:38687772-38688659
MA1532.2:::NR1D2	TGGGTTAGTAGGTCA	>1:38687772-38688659
MA2331.1:::ZNF157	AGGCCAGCAATATACCTTTAC	>1:38687772-38688659
MA0591.2:::BACH1::MAFK	GATGACTCAGCA	>1:38687772-38688659
MA0496.4:::MAFK	CTGACTCAGC	>1:38687772-38688659
MA0817.2:::BHLHE23	AACATATGTT	>1:38687772-38688659
MA0755.2:::CUX2	TAATCGATA	>1:38687772-38688659
MA1938.2:::ERF::NHLH1	AGCAGCTGCCGGAAGT	>1:38687772-38688659
MA1494.2:::HNF4A	GGGTCCAAAGGTCA	>1:38687772-38688659
MA0135.2:::LHX3	AAATTAATTAAT	>1:38687772-38688659
MA0501.2:::MAF::NFE2	ATGACTCAGCA	>1:38687772-38688659
MA0117.3:::MAFB	AAAATGCTGAC	>1:38687772-38688659
MA0495.4:::MAFF	GTCAGCATTTT	>1:38687772-38688659
MA1640.2:::MEIS2	TGATTTATG	>1:38687772-38688659
MA1531.2:::NR1D1	GGGTCAGTAGGTCA	>1:38687772-38688659
MA0842.3:::NRL	AAAGTGCTGACG	>1:38687772-38688659
MA0680.3:::PAX7	TAATCAATTA	>1:38687772-38688659
MA1113.3:::PBX2	CATAAATCA	>1:38687772-38688659
MA0683.2:::POU4F2	TGCATAATTAATGAG	>1:38687772-38688659
MA0066.2:::PPARG	TAGGTCACGGTGACCTACT	>1:38687772-38688659
MA0859.2:::RARG	AAGGTCAAAAGGTCA	>1:38687772-38688659
MA0091.2:::TAL1::TCF3	ACCATCTGTT	>1:38687772-38688659
MA1969.2:::THRA	GTGTCCTCATGTGACCTC	>1:38687772-38688659
MA1584.2:::ZIC5	GACCCCCCGCTGTGC	>1:38687772-38688659
MA2529.1:::ZNF772	TTCCTAATCAGTTGACTTT	>1:38687772-38688659
MA2561.1:::TIGD4	ACCCCGTTAATACGA	>1:38687772-38688659
MA2584.1:::DNTTIP1	TGTGCATGCAT	>1:38687772-38688659
MA2629.1:::GSC::TBX21	AGGTGTGAGGGATTAG	>1:38687772-38688659
MA0472.2:::EGR2	ACGCCCACGCA	>1:40827344-40828236
MA0758.1:::E2F7	TTTTCCCGCCAAAA	>1:40827344-40828236
MA0794.1:::PROX1	CAAGACGCCTTA	>1:40827344-40828236
MA0823.1:::HEY1	GACACGTGCC	>1:40827344-40828236
MA0870.1:::SOX1	AACAATAACATTGTT	>1:40827344-40828236
MA1420.1:::IRF5	CCGAAACCGAAACT	>1:40827344-40828236
MA0464.3:::BHLHE40	TCACGTGA	>1:40827344-40828236
MA0733.2:::EGR4	ACGCCCACGCA	>1:40827344-40828236
MA0779.2:::PAX1	CGTCACGCATGACTGC	>1:40827344-40828236
MA0058.4:::MAX	CACGTG	>1:40827344-40828236
MA0772.2:::IRF7	CGAAAGCGAAAGT	>1:40827344-40828236
MA1520.2:::MAF	TGCTGAGTCAGCA	>1:40827344-40828236
MA1521.2:::MAFA	TGCTGAGTCAGCA	>1:40827344-40828236
MA0622.2:::MLXIP	CACGTG	>1:40827344-40828236
MA0825.2:::MNT	CACGTG	>1:40827344-40828236
MA0100.4:::MYB	CAACTG	>1:40827344-40828236
MA0104.5:::MYCN	CCACGTGG	>1:40827344-40828236
MA0113.4:::NR3C1	GGTACATAATGTTCC	>1:40827344-40828236
MA1541.2:::NR6A1	CAAGTTCAAGGTCA	>1:40827344-40828236
MA0745.3:::SNAI2	GCACCTGT	>1:40827344-40828236
MA1560.2:::SOHLH2	GCACGTGC	>1:40827344-40828236
MA0632.3:::TCFL5	TCACGCGC	>1:40827344-40828236
MA0146.3:::ZFX	GCCGAGGCCT	>1:40827344-40828236
MA1709.2:::ZIM3	CAACAGAAACC	>1:40827344-40828236
MA1977.2:::ZNF324	AGACAAGGATGGTT	>1:40827344-40828236
MA1656.2:::ZNF449	AAGCCCAACC	>1:40827344-40828236
MA1730.2:::ZNF708	GCTGTGCCT	>1:40827344-40828236
MA1602.2:::ZSCAN29	CGTCTACACGG	>1:40827344-40828236
MA2496.1:::ZNF596	GCGAGAGCGAG	>1:40827344-40828236
MA2507.1:::NACC2	ACACATGTGATAATGGACATGTGT	>1:40827344-40828236
MA2515.1:::ZNF865	GTGTGTGCGCGC	>1:40827344-40828236
MA2519.1:::ZNF606	CCTCGGTTTCCTCA	>1:40827344-40828236
MA2530.1:::ZNF773	CTTAGGGAAGCCCA	>1:40827344-40828236
MA2545.1:::ZNF57	GGCGGGGAGGGTGTATTGTCACAA	>1:40827344-40828236
MA2562.1:::TIGD5	CCCGTTATAACGC	>1:40827344-40828236
MA2585.1:::ZNF500	CGTCTACACC	>1:40827344-40828236
MA2589.1:::ZNF728	AGCTGGTTCCAG	>1:40827344-40828236
MA2594.1:::DMTF1	GACATCCGGGT	>1:40827344-40828236
MA0515.1:::SOX6	CCATTGTTTT	>1:40832325-40833308
MA0512.2:::RXRA	GGGGTCAAAGGTCA	>1:40832325-40833308
MA0009.2:::TBXT	TCACACCTAGGTGTGA	>1:40832325-40833308
MA0855.1:::RXRB	GGGGTCAAAGGTCA	>1:40832325-40833308
MA0856.1:::RXRG	GGGGTCAAAGGTCA	>1:40832325-40833308
MA1155.1:::ZSCAN4	TGCACACACTGAAAA	>1:40832325-40833308
MA1580.1:::ZBTB32	TGTACAGTAT	>1:40832325-40833308
MA1596.1:::ZNF460	GCCTCAGCCTCCCGAG	>1:40832325-40833308
MA0623.2:::NEUROG1	GACATATGTC	>1:40832325-40833308
MA1980.1:::ZNF418	AAGAGGCTAAAAGCA	>1:40832325-40833308
MA2323.1:::PGR	AAGAACAAATTGTTCTT	>1:40832325-40833308
MA0853.2:::ALX4	CGCATTAATTAA	>1:40832325-40833308
MA0007.4:::AR	GGGAACACGGTGTACC	>1:40832325-40833308
MA0874.2:::ARX	CATTAATTAA	>1:40832325-40833308
MA1473.2:::CDX4	GCAATAAAA	>1:40832325-40833308
MA1134.2:::FOS::JUNB	ATGAGTCAT	>1:40832325-40833308
MA0490.3:::JUNB	ATGACTCAT	>1:40832325-40833308
MA1135.2:::FOSB::JUNB	ATGACTCAT	>1:40832325-40833308
MA1130.2:::FOSL2::JUN	ATGAGTCAT	>1:40832325-40833308
MA1138.2:::FOSL2::JUNB	ATGACTCAT	>1:40832325-40833308
MA1144.2:::FOSL2::JUND	ATGACTCAT	>1:40832325-40833308
MA0847.4:::FOXD2	TTAAACAAACA	>1:40832325-40833308
MA0479.2:::FOXH1	AATCCACA	>1:40832325-40833308
MA0593.2:::FOXP2	AGTAAACAA	>1:40832325-40833308
MA1494.2:::HNF4A	GGGTCCAAAGGTCA	>1:40832325-40833308
MA0913.3:::HOXD9	GCAATAAAA	>1:40832325-40833308
MA0135.2:::LHX3	AAATTAATTAAT	>1:40832325-40833308
MA0658.2:::LHX6	CTAATTAG	>1:40832325-40833308
MA1537.2:::NR2F1	AGGTCAAAGGTCA	>1:40832325-40833308
MA0677.2:::NR2F6	AGGTCAAAGGTCA	>1:40832325-40833308
MA0113.4:::NR3C1	GGTACATAATGTTCC	>1:40832325-40833308
MA0727.2:::NR3C2	GGAACACAATGTTCC	>1:40832325-40833308
MA0679.3:::ONECUT1	AAATCAATA	>1:40832325-40833308
MA0683.2:::POU4F2	TGCATAATTAATGAG	>1:40832325-40833308
MA1550.2:::PPARD	GGGGTCAAAGGTCA	>1:40832325-40833308
MA0520.2:::STAT6	TTCCTGAGAA	>1:40832325-40833308
MA0804.2:::TBX19	TCACACCTAGGTGTGAA	>1:40832325-40833308
MA1574.2:::THRB	GGGTCAAAGGTCA	>1:40832325-40833308
MA0726.2:::VSX2	CTAATTA	>1:40832325-40833308
MA2488.1:::ZBTB40	AAAACTTTATT	>1:40832325-40833308
MA2515.1:::ZNF865	GTGTGTGCGCGC	>1:40832325-40833308
MA2523.1:::ZNF689	CCAATGCAATAAG	>1:40832325-40833308
MA2526.1:::ZNF721	AAAAACAGTGTTTC	>1:40832325-40833308
MA2532.1:::ZNF780B	CTGCTGAAAC	>1:40832325-40833308
MA2549.1:::ZNF234	TTTCCTATTTATCTCACT	>1:40832325-40833308
MA2584.1:::DNTTIP1	TGTGCATGCAT	>1:40832325-40833308
MA2677.1:::HOXD1	ACTAATTAC	>1:40832325-40833308
MA0667.1:::MYF6	AACAGCTGTT	>1:40886441-40887345
MA0691.1:::TFAP4	AACAGCTGAT	>1:40886441-40887345
MA0794.1:::PROX1	CAAGACGCCTTA	>1:40886441-40887345
MA0106.3:::TP53	AACATGCCCGGGCATGTC	>1:40886441-40887345
MA1485.1:::FERD3L	GCAACAGCTGTTAC	>1:40886441-40887345
MA1572.1:::TGIF2LY	TGACAGCTGTCA	>1:40886441-40887345
MA1597.1:::ZNF528	CCCAGGGAAGCCATTTC	>1:40886441-40887345
MA1464.2:::ARNT2	GTCACGTG	>1:40886441-40887345
MA0833.3:::ATF4	ATGATGCAAT	>1:40886441-40887345
MA1635.2:::BHLHE22	CAGCTG	>1:40886441-40887345
MA0464.3:::BHLHE40	TCACGTGA	>1:40886441-40887345
MA0154.5:::EBF1	TCCCCAGGGGA	>1:40886441-40887345
MA1604.2:::EBF2	CCCAAGGGA	>1:40886441-40887345
MA1637.2:::EBF3	CCCAAGGGA	>1:40886441-40887345
MA0058.4:::MAX	CACGTG	>1:40886441-40887345
MA1938.2:::ERF::NHLH1	AGCAGCTGCCGGAAGT	>1:40886441-40887345
MA0048.3:::NHLH1	CGCAGCTGC	>1:40886441-40887345
MA1990.2:::GLI1	AGACCACCCA	>1:40886441-40887345
MA0734.4:::GLI2	GACCACCCA	>1:40886441-40887345
MA1512.2:::KLF11	CCACGCCCAC	>1:40886441-40887345
MA0135.2:::LHX3	AAATTAATTAAT	>1:40886441-40887345
MA0620.4:::MITF	GTCACGTGAC	>1:40886441-40887345
MA0622.2:::MLXIP	CACGTG	>1:40886441-40887345
MA0664.2:::MLXIPL	ATCACGTG	>1:40886441-40887345
MA0825.2:::MNT	CACGTG	>1:40886441-40887345
MA0500.3:::MYOG	GCAGCTGC	>1:40886441-40887345
MA1993.2:::NEUROD2	CAGCTG	>1:40886441-40887345
MA1997.2:::OLIG2	CAGCTG	>1:40886441-40887345
MA1548.2:::PLAGL2	GGGCCCCC	>1:40886441-40887345
MA0784.3:::POU1F1	CTAATTTGCATAAT	>1:40886441-40887345
MA0072.2:::RORA	TAAGTAGGTCA	>1:40886441-40887345
MA0746.3:::SP3	GCCACGCCCAC	>1:40886441-40887345
MA0521.3:::TCF12	CAGCTG	>1:40886441-40887345
MA0832.2:::TCF21	AACAGCTGTT	>1:40886441-40887345
MA0692.2:::TFEB	CACGTGAC	>1:40886441-40887345
MA0871.3:::TFEC	CACGTGAC	>1:40886441-40887345
MA0861.2:::TP73	ACATGTCTGGACATGT	>1:40886441-40887345
MA0633.3:::TWIST2	CAGCTG	>1:40886441-40887345
MA0093.4:::USF1	GTCATGTGAC	>1:40886441-40887345
MA0698.2:::ZBTB18	ATCCAGATGTT	>1:40886441-40887345
MA1629.2:::ZIC2	CACAGCAGG	>1:40886441-40887345
MA2507.1:::NACC2	ACACATGTGATAATGGACATGTGT	>1:40886441-40887345
MA2511.1:::ZNF335	AGGACCCC	>1:40886441-40887345
MA2533.1:::ZNF814	GAGACTAGGGAGGGAC	>1:40886441-40887345
MA2542.1:::SCAND3	CTGGCCAA	>1:40886441-40887345
MA2584.1:::DNTTIP1	TGTGCATGCAT	>1:40886441-40887345
MA0660.1:::MEF2B	GCTATAAATAGC	>1:40910868-40911714
MA0730.1:::RARA	AGGTCATGCAAAGGTCA	>1:40910868-40911714
MA0773.1:::MEF2D	ACTATAAATAGA	>1:40910868-40911714
MA0783.1:::PKNOX2	TGACAGGTGTCA	>1:40910868-40911714
MA0796.1:::TGIF1	TGACAGCTGTCA	>1:40910868-40911714
MA0797.1:::TGIF2	TGACAGCTGTCA	>1:40910868-40911714
MA1155.1:::ZSCAN4	TGCACACACTGAAAA	>1:40910868-40911714
MA1420.1:::IRF5	CCGAAACCGAAACT	>1:40910868-40911714
MA1588.1:::ZNF136	GAATTCTTGGTTGAC	>1:40910868-40911714
MA1718.1:::ZNF8	GTATGGATATACCACATTTT	>1:40910868-40911714
MA0884.2:::DUXA	TTGATTTAATCAA	>1:40910868-40911714
MA2334.1:::ZNF547	TGCTAATGCAACA	>1:40910868-40911714
MA1466.2:::ATF6	TGATGACGTGGCA	>1:40910868-40911714
MA1635.2:::BHLHE22	CAGCTG	>1:40910868-40911714
MA0638.2:::CREB3	TGCCACGTCATC	>1:40910868-40911714
MA0611.3:::DUX	TGATTCAATCA	>1:40910868-40911714
MA0162.5:::EGR1	ACGCCCACGC	>1:40910868-40911714
MA1938.2:::ERF::NHLH1	AGCAGCTGCCGGAAGT	>1:40910868-40911714
MA0141.4:::ESRRB	TCAAGGTCAT	>1:40910868-40911714
MA0646.2:::GCM1	ATGCGGGTAC	>1:40910868-40911714
MA0772.2:::IRF7	CGAAAGCGAAAGT	>1:40910868-40911714
MA1107.3:::KLF9	GCCACACCCAC	>1:40910868-40911714
MA0135.2:::LHX3	AAATTAATTAAT	>1:40910868-40911714
MA0703.3:::LMX1B	TTAATTAA	>1:40910868-40911714
MA0621.2:::MIX-A	TTAATTA	>1:40910868-40911714
MA0500.3:::MYOG	GCAGCTGC	>1:40910868-40911714
MA1993.2:::NEUROD2	CAGCTG	>1:40910868-40911714
MA1146.2:::NR1H4::RXRA	AGGTCATTGACCT	>1:40910868-40911714
MA0504.2:::NR2C2	GGGGTCAGAGGTCA	>1:40910868-40911714
MA1997.2:::OLIG2	CAGCTG	>1:40910868-40911714
MA1542.2:::OSR1	GCTACTGT	>1:40910868-40911714
MA0067.3:::PAX2	TCAGTGAAGCGTGACG	>1:40910868-40911714
MA1114.2:::PBX3	TGAGTGACAGG	>1:40910868-40911714
MA1615.2:::PLAGL1	TGGGGCCA	>1:40910868-40911714
MA0628.2:::POU6F1	TAATTA	>1:40910868-40911714
MA1550.2:::PPARD	GGGGTCAAAGGTCA	>1:40910868-40911714
MA1723.2:::PRDM9	GGTGGGCAGGGAGGAAGCAG	>1:40910868-40911714
MA0138.3:::REST	TCAGCACCATGGACAGCGCC	>1:40910868-40911714
MA1964.2:::SMAD2	CCAGAC	>1:40910868-40911714
MA0521.3:::TCF12	CAGCTG	>1:40910868-40911714
MA0633.3:::TWIST2	CAGCTG	>1:40910868-40911714
MA0844.2:::XBP1	GCCACGTCATC	>1:40910868-40911714
MA1651.2:::ZFP42	CAAAATGGCTGCC	>1:40910868-40911714
MA0751.2:::ZIC4	GACCCCCCGCTGTG	>1:40910868-40911714
MA1584.2:::ZIC5	GACCCCCCGCTGTGC	>1:40910868-40911714
MA1592.2:::ZNF274	TATGAGTTCTCG	>1:40910868-40911714
MA1630.3:::ZNF281	GGGGGAGGGG	>1:40910868-40911714
MA0691.1:::TFAP4	AACAGCTGAT	>1:40914262-40915151
MA0770.1:::HSF2	TTCTAGAACGTTC	>1:40914262-40915151
MA1532.2:::NR1D2	TGGGTTAGTAGGTCA	>1:40914262-40915151
MA0853.2:::ALX4	CGCATTAATTAA	>1:40914262-40915151
MA1635.2:::BHLHE22	CAGCTG	>1:40914262-40915151
MA0139.2:::CTCF	GCCACCAGGGGGCGC	>1:40914262-40915151
MA1929.2:::CTCF	CTGCAGTTCCAGCTGTGGCCACCAGGGGGCG	>1:40914262-40915151
MA0048.3:::NHLH1	CGCAGCTGC	>1:40914262-40915151
MA1524.3:::MSGN1	GACAAATGGT	>1:40914262-40915151
MA0500.3:::MYOG	GCAGCTGC	>1:40914262-40915151
MA1993.2:::NEUROD2	CAGCTG	>1:40914262-40915151
MA1531.2:::NR1D1	GGGTCAGTAGGTCA	>1:40914262-40915151
MA1997.2:::OLIG2	CAGCTG	>1:40914262-40915151
MA0067.3:::PAX2	TCAGTGAAGCGTGACG	>1:40914262-40915151
MA1619.2:::PTF1A	ACAGCTGT	>1:40914262-40915151
MA0072.2:::RORA	TAAGTAGGTCA	>1:40914262-40915151
MA0442.3:::SOX10	ACAAAG	>1:40914262-40915151
MA0521.3:::TCF12	CAGCTG	>1:40914262-40915151
MA0810.2:::TFAP2A	TGCCCCCGGGC	>1:40914262-40915151
MA0633.3:::TWIST2	CAGCTG	>1:40914262-40915151
MA1981.2:::ZNF530	GAAAGGAAAGGGGC	>1:40914262-40915151
MA2094.1:::PAX8	CGTCACGCATGACTGC	>1:40914262-40915151
MA2490.1:::ZFP3	AAACTCCTACTC	>1:40914262-40915151
MA2595.1:::ZNF700	AATGCAATAA	>1:40914262-40915151
MA2692.1:::ZNF43	TCCAAATTTGGA	>1:40914262-40915151
MA0088.3:::ZNF143	CGGGGCATTCTGGGAATTGTAGT	>1:40914262-40915151
MA0667.1:::MYF6	AACAGCTGTT	>1:40920213-40921112
MA0669.1:::NEUROG2	AACATATGTC	>1:40920213-40921112
MA0729.1:::RARA	GAGGTCAAAAGGTCAATG	>1:40920213-40921112
MA0776.1:::MYBL1	ACCGTTAACGGT	>1:40920213-40921112
MA0777.1:::MYBL2	AACCGTTAAACGGTC	>1:40920213-40921112
MA0787.1:::POU3F2	TTATGCAAATTA	>1:40920213-40921112
MA0788.1:::POU3F3	ATTATGCTAATTT	>1:40920213-40921112
MA0797.1:::TGIF2	TGACAGCTGTCA	>1:40920213-40921112
MA0826.1:::OLIG1	AACATATGTT	>1:40920213-40921112
MA0866.1:::SOX21	AACAATGGTAGTGTT	>1:40920213-40921112
MA0870.1:::SOX1	AACAATAACATTGTT	>1:40920213-40921112
MA1485.1:::FERD3L	GCAACAGCTGTTAC	>1:40920213-40921112
MA1571.1:::TGIF2LX	TGACAGCTGTCA	>1:40920213-40921112
MA1572.1:::TGIF2LY	TGACAGCTGTCA	>1:40920213-40921112
MA1718.1:::ZNF8	GTATGGATATACCACATTTT	>1:40920213-40921112
MA1962.1:::POU2F1::SOX2	AATTTGCATAACAATGG	>1:40920213-40921112
MA2323.1:::PGR	AAGAACAAATTGTTCTT	>1:40920213-40921112
MA1632.2:::ATF2	ATGAGGTCAT	>1:40920213-40921112
MA1467.3:::ATOH1	CAGATGG	>1:40920213-40921112
MA0817.2:::BHLHE23	AACATATGTT	>1:40920213-40921112
MA1636.2:::CEBPG	ATGATGCAAT	>1:40920213-40921112
MA0018.5:::CREB1	TGATGTCA	>1:40920213-40921112
MA1475.2:::CREB3L4	GTGACGTCA	>1:40920213-40921112
MA1929.2:::CTCF	CTGCAGTTCCAGCTGTGGCCACCAGGGGGCG	>1:40920213-40921112
MA0909.4:::HOXD13	CAATAAA	>1:40920213-40921112
MA1960.2:::MGA::EVX1	AGGTGTTAATG	>1:40920213-40921112
MA1642.2:::NEUROG2	CAGATGG	>1:40920213-40921112
MA0122.4:::NKX3-2	AACCACTTAA	>1:40920213-40921112
MA0757.2:::ONECUT3	AAAAATCAATAA	>1:40920213-40921112
MA0680.3:::PAX7	TAATCAATTA	>1:40920213-40921112
MA0859.2:::RARG	AAGGTCAAAAGGTCA	>1:40920213-40921112
MA0600.3:::RFX2	GTTGCCATGGCAAC	>1:40920213-40921112
MA0510.3:::RFX5	GTTGCCATGGCAAC	>1:40920213-40921112
MA1625.2:::STAT5B	TTCCCAGAA	>1:40920213-40921112
MA0520.2:::STAT6	TTCCTGAGAA	>1:40920213-40921112
MA0091.2:::TAL1::TCF3	ACCATCTGTT	>1:40920213-40921112
MA2592.1:::MKX	CATGTT	>1:40920213-40921112
MA2330.2:::ZBTB24	CTTCCAGGACCT	>1:40920213-40921112
MA2485.1:::DUXBL1	TTAATCTAATCAA	>1:40920213-40921112
MA1618.2:::PTF1A	ACAGATGTT	>1:40920213-40921112
MA0795.1:::SMAD3	CGTCTAGACA	>1:40926845-40927749
MA1124.1:::ZNF24	CATTCATTCATTC	>1:40926845-40927749
MA1557.1:::SMAD5	TGTCTAGACA	>1:40926845-40927749
MA1580.1:::ZBTB32	TGTACAGTAT	>1:40926845-40927749
MA2099.1:::ZNF770	CGGCCTCA	>1:40926845-40927749
MA1972.1:::ZFP14	GGAGGCACTGGAATG	>1:40926845-40927749
MA0685.2:::SP4	GGGGCGGGG	>1:40926845-40927749
MA1632.2:::ATF2	ATGAGGTCAT	>1:40926845-40927749
MA0496.4:::MAFK	CTGACTCAGC	>1:40926845-40927749
MA0488.2:::JUN	ATGATGTCAT	>1:40926845-40927749
MA0018.5:::CREB1	TGATGTCA	>1:40926845-40927749
MA1929.2:::CTCF	CTGCAGTTCCAGCTGTGGCCACCAGGGGGCG	>1:40926845-40927749
MA0492.2:::JUND	GATGATGTCAT	>1:40926845-40927749
MA1131.2:::FOSL2::JUN	ATGACGTCAT	>1:40926845-40927749
MA1139.2:::FOSL2::JUNB	ATGACGTCAT	>1:40926845-40927749
MA1953.2:::FOXO1::ELF1	GTAAACAGGAAGT	>1:40926845-40927749
MA1954.2:::FOXO1::ELK1	ATCAACAGGAAGT	>1:40926845-40927749
MA1956.2:::FOXO1::FLI1	GTAAACAGGAAGT	>1:40926845-40927749
MA0493.3:::KLF1	GGGCGGGG	>1:40926845-40927749
MA1959.2:::KLF7	GGGCGGGG	>1:40926845-40927749
MA1522.2:::MAZ	CCCCTCCC	>1:40926845-40927749
MA1108.3:::MXI1	CACATG	>1:40926845-40927749
MA0150.3:::NFE2L2	ATGACTCAGCA	>1:40926845-40927749
MA1546.2:::PAX3	CGTCACGCTAATTA	>1:40926845-40927749
MA0694.2:::ZBTB7B	CGACCACCGA	>1:40926845-40927749
MA1654.2:::ZNF16	AATAGGGAGCCATGGAAGGTT	>1:40926845-40927749
MA1982.2:::ZNF574	GGCTAGAGCGGCCC	>1:40926845-40927749
MA2094.1:::PAX8	CGTCACGCATGACTGC	>1:40926845-40927749
MA2543.1:::ZBTB47	AAAGGGTTAA	>1:40926845-40927749
MA2582.1:::ZNF121	TGGGCAACAT	>1:40926845-40927749
MA2629.1:::GSC::TBX21	AGGTGTGAGGGATTAG	>1:40926845-40927749
MA2692.1:::ZNF43	TCCAAATTTGGA	>1:40926845-40927749
MA0069.1:::PAX6	TTCACGCATGAGTT	>1:42514575-42515482
MA0678.1:::OLIG2	ACCATATGGT	>1:42514575-42515482
MA0696.1:::ZIC1	GACCCCCCGCTGTG	>1:42514575-42515482
MA0715.1:::PROP1	TAATTTAATTA	>1:42514575-42515482
MA0787.1:::POU3F2	TTATGCAAATTA	>1:42514575-42515482
MA0792.1:::POU5F1B	TATGCAAAT	>1:42514575-42515482
MA0827.1:::OLIG3	ACCATATGTT	>1:42514575-42515482
MA0863.1:::MTF1	TTTGCACACGGCAC	>1:42514575-42515482
MA1124.1:::ZNF24	CATTCATTCATTC	>1:42514575-42515482
MA1538.1:::NR2F1	AAGGTCATTGACCTT	>1:42514575-42515482
MA1580.1:::ZBTB32	TGTACAGTAT	>1:42514575-42515482
MA0912.2:::HOXD3	CTAATTAC	>1:42514575-42515482
MA2119.1:::HOXA3	GTAATTA	>1:42514575-42515482
MA0818.2:::BHLHE22	ACCATATGGT	>1:42514575-42515482
MA0884.2:::DUXA	TTGATTTAATCAA	>1:42514575-42515482
MA0854.2:::ALX1	TTAATTAA	>1:42514575-42515482
MA0853.2:::ALX4	CGCATTAATTAA	>1:42514575-42515482
MA0874.2:::ARX	CATTAATTAA	>1:42514575-42515482
MA0488.2:::JUN	ATGATGTCAT	>1:42514575-42515482
MA0639.2:::DBP	ATTACGTAAC	>1:42514575-42515482
MA1495.2:::HOXA1	TAATTA	>1:42514575-42515482
MA0900.3:::HOXA2	TAATTA	>1:42514575-42515482
MA0492.2:::JUND	GATGATGTCAT	>1:42514575-42515482
MA0479.2:::FOXH1	AATCCACA	>1:42514575-42515482
MA1518.3:::LHX1	GCTAATTAGC	>1:42514575-42515482
MA0135.2:::LHX3	AAATTAATTAAT	>1:42514575-42515482
MA0702.3:::LMX1A	TTAATTA	>1:42514575-42515482
MA0703.3:::LMX1B	TTAATTAA	>1:42514575-42515482
MA0621.2:::MIX-A	TTAATTA	>1:42514575-42515482
MA1546.2:::PAX3	CGTCACGCTAATTA	>1:42514575-42515482
MA0681.3:::PHOX2B	TAATCAAATTAT	>1:42514575-42515482
MA0627.3:::POU2F3	TATGCAAAT	>1:42514575-42515482
MA0786.2:::POU3F1	TTATGCAAAT	>1:42514575-42515482
MA0628.2:::POU6F1	TAATTA	>1:42514575-42515482
MA0600.3:::RFX2	GTTGCCATGGCAAC	>1:42514575-42515482
MA0510.3:::RFX5	GTTGCCATGGCAAC	>1:42514575-42515482
MA0743.3:::SCRT1	TCAACAGGTG	>1:42514575-42515482
MA0804.2:::TBX19	TCACACCTAGGTGTGAA	>1:42514575-42515482
MA1719.2:::ZNF816	TGGGGACATGCAGGG	>1:42514575-42515482
MA2489.1:::ZFP28	ATTTTCTATTTCTTCTTG	>1:42514575-42515482
MA2515.1:::ZNF865	GTGTGTGCGCGC	>1:42514575-42515482
MA2523.1:::ZNF689	CCAATGCAATAAG	>1:42514575-42515482
MA2533.1:::ZNF814	GAGACTAGGGAGGGAC	>1:42514575-42515482
MA2582.1:::ZNF121	TGGGCAACAT	>1:42514575-42515482
MA2589.1:::ZNF728	AGCTGGTTCCAG	>1:42514575-42515482
MA2592.1:::MKX	CATGTT	>1:42514575-42515482
MA2677.1:::HOXD1	ACTAATTAC	>1:42514575-42515482
MA0088.3:::ZNF143	CGGGGCATTCTGGGAATTGTAGT	>1:42514575-42515482
MA0159.1:::RARA::RXRA	AGGTCACGGAGAGGTCA	>1:42589684-42590570
MA0613.1:::FOXG1	GTAAACAA	>1:42589684-42590570
MA0655.1:::JDP2	ATGACTCAT	>1:42589684-42590570
MA0665.1:::MSC	AACAGCTGTT	>1:42589684-42590570
MA0512.2:::RXRA	GGGGTCAAAGGTCA	>1:42589684-42590570
MA0691.1:::TFAP4	AACAGCTGAT	>1:42589684-42590570
MA0715.1:::PROP1	TAATTTAATTA	>1:42589684-42590570
MA0776.1:::MYBL1	ACCGTTAACGGT	>1:42589684-42590570
MA0855.1:::RXRB	GGGGTCAAAGGTCA	>1:42589684-42590570
MA0856.1:::RXRG	GGGGTCAAAGGTCA	>1:42589684-42590570
MA0024.3:::E2F1	TTTGGCGCCAAA	>1:42589684-42590570
MA1509.1:::IRF6	ACCGAAACT	>1:42589684-42590570
MA1580.1:::ZBTB32	TGTACAGTAT	>1:42589684-42590570
MA0831.3:::TFE3	GTCACGTGAC	>1:42589684-42590570
MA1532.2:::NR1D2	TGGGTTAGTAGGTCA	>1:42589684-42590570
MA2323.1:::PGR	AAGAACAAATTGTTCTT	>1:42589684-42590570
MA0819.3:::CLOCK	ACACGTG	>1:42589684-42590570
MA0479.2:::FOXH1	AATCCACA	>1:42589684-42590570
MA1494.2:::HNF4A	GGGTCCAAAGGTCA	>1:42589684-42590570
MA0135.2:::LHX3	AAATTAATTAAT	>1:42589684-42590570
MA0059.2:::MAX::MYC	ACCACGTGGT	>1:42589684-42590570
MA0052.5:::MEF2A	CTAAAAATAG	>1:42589684-42590570
MA0497.2:::MEF2C	CTAAAAATAGA	>1:42589684-42590570
MA1109.2:::NEUROD1	ACAGATGG	>1:42589684-42590570
MA1537.2:::NR2F1	AGGTCAAAGGTCA	>1:42589684-42590570
MA1541.2:::NR6A1	CAAGTTCAAGGTCA	>1:42589684-42590570
MA0757.2:::ONECUT3	AAAAATCAATAA	>1:42589684-42590570
MA0784.3:::POU1F1	CTAATTTGCATAAT	>1:42589684-42590570
MA0507.3:::POU2F2	ATATGCAAATTAG	>1:42589684-42590570
MA0745.3:::SNAI2	GCACCTGT	>1:42589684-42590570
MA1559.2:::SNAI3	ACAGGTGCA	>1:42589684-42590570
MA0520.2:::STAT6	TTCCTGAGAA	>1:42589684-42590570
MA1969.2:::THRA	GTGTCCTCATGTGACCTC	>1:42589684-42590570
MA0526.5:::USF2	GTCACGTGAC	>1:42589684-42590570
MA2458.1:::ZNF146	GAATAGTATTCCATT	>1:42589684-42590570
MA2489.1:::ZFP28	ATTTTCTATTTCTTCTTG	>1:42589684-42590570
MA2504.1:::BCL11A	TTGACCAA	>1:42589684-42590570
MA2508.1:::CASZ1	TTTTTTCCCCAAAA	>1:42589684-42590570
MA2527.1:::ZNF726	TAAGCAATCCC	>1:42589684-42590570
MA2542.1:::SCAND3	CTGGCCAA	>1:42589684-42590570
MA2548.1:::ZNF226	ATAAGATAAATAGGAAA	>1:42589684-42590570
MA2585.1:::ZNF500	CGTCTACACC	>1:42589684-42590570
MA2589.1:::ZNF728	AGCTGGTTCCAG	>1:42589684-42590570
MA2687.1:::ZNF251	TGGCTTTTTTCACTTAGCAC	>1:42589684-42590570
MA0468.1:::DUX4	TAATTTAATCA	>1:42724522-42725461
MA0715.1:::PROP1	TAATTTAATTA	>1:42724522-42725461
MA2095.1:::SOX7	AGAACAATGG	>1:42724522-42725461
MA0854.2:::ALX1	TTAATTAA	>1:42724522-42725461
MA0038.3:::GFI1	AAATCACTGCA	>1:42724522-42725461
MA0647.2:::GRHL1	AAACCGGTTT	>1:42724522-42725461
MA1518.3:::LHX1	GCTAATTAGC	>1:42724522-42725461
MA0702.3:::LMX1A	TTAATTA	>1:42724522-42725461
MA0703.3:::LMX1B	TTAATTAA	>1:42724522-42725461
MA1521.2:::MAFA	TGCTGAGTCAGCA	>1:42724522-42725461
MA0621.2:::MIX-A	TTAATTA	>1:42724522-42725461
MA0502.3:::NFYB	TCATTGGCC	>1:42724522-42725461
MA0628.2:::POU6F1	TAATTA	>1:42724522-42725461
MA0066.2:::PPARG	TAGGTCACGGTGACCTACT	>1:42724522-42725461
MA1561.2:::SOX12	ACCGAACAAT	>1:42724522-42725461
MA0832.2:::TCF21	AACAGCTGTT	>1:42724522-42725461
MA0861.2:::TP73	ACATGTCTGGACATGT	>1:42724522-42725461
MA1579.2:::ZBTB26	CTCCAGAA	>1:42724522-42725461
MA2462.1:::ZNF250	TAATCAAAACAGTA	>1:42724522-42725461
MA2489.1:::ZFP28	ATTTTCTATTTCTTCTTG	>1:42724522-42725461
MA2507.1:::NACC2	ACACATGTGATAATGGACATGTGT	>1:42724522-42725461
MA2523.1:::ZNF689	CCAATGCAATAAG	>1:42724522-42725461
MA2532.1:::ZNF780B	CTGCTGAAAC	>1:42724522-42725461
MA2574.1:::ZNF878	TTTTTGTCCTGTCCTG	>1:42724522-42725461
MA2598.1:::MSANTD1	CACTTAAGTG	>1:42724522-42725461
MA2675.1:::HOMEZ	AAATCGTTT	>1:42724522-42725461
MA2677.1:::HOXD1	ACTAATTAC	>1:42724522-42725461
MA1589.3:::ZNF140	GCAATTCCGCTC	>1:42724522-42725461
MA0142.1:::POU5F1::SOX2	CTTTGTTATGCAAAT	>1:42792377-42793253
MA0155.1:::INSM1	TGTCAGGGGGCG	>1:42792377-42793253
MA0145.2:::TFCP2L1	CCAGTTCAAACCAG	>1:42792377-42793253
MA0696.1:::ZIC1	GACCCCCCGCTGTG	>1:42792377-42793253
MA0787.1:::POU3F2	TTATGCAAATTA	>1:42792377-42793253
MA0789.1:::POU3F4	TATGCAAAT	>1:42792377-42793253
MA1962.1:::POU2F1::SOX2	AATTTGCATAACAATGG	>1:42792377-42793253
MA1985.1:::ZNF669	GGGGCGATGACCACT	>1:42792377-42793253
MA0740.2:::KLF14	GGGGCGGGG	>1:42792377-42793253
MA0798.3:::RFX3	CGTTGCCATGGCAACG	>1:42792377-42793253
MA1532.2:::NR1D2	TGGGTTAGTAGGTCA	>1:42792377-42793253
MA0853.2:::ALX4	CGCATTAATTAA	>1:42792377-42793253
MA1632.2:::ATF2	ATGAGGTCAT	>1:42792377-42793253
MA0488.2:::JUN	ATGATGTCAT	>1:42792377-42793253
MA1950.2:::FLI1::FOXI1	TAAACAGGAAG	>1:42792377-42793253
MA1487.3:::FOXE1	CTAAATAAACAA	>1:42792377-42793253
MA1954.2:::FOXO1::ELK1	ATCAACAGGAAGT	>1:42792377-42793253
MA0772.2:::IRF7	CGAAAGCGAAAGT	>1:42792377-42793253
MA0501.2:::MAF::NFE2	ATGACTCAGCA	>1:42792377-42793253
MA0841.2:::NFE2	ATGACTCATC	>1:42792377-42793253
MA0150.3:::NFE2L2	ATGACTCAGCA	>1:42792377-42793253
MA0784.3:::POU1F1	CTAATTTGCATAAT	>1:42792377-42793253
MA0507.3:::POU2F2	ATATGCAAATTAG	>1:42792377-42793253
MA0600.3:::RFX2	GTTGCCATGGCAAC	>1:42792377-42793253
MA0510.3:::RFX5	GTTGCCATGGCAAC	>1:42792377-42793253
MA1651.2:::ZFP42	CAAAATGGCTGCC	>1:42792377-42793253
MA1630.3:::ZNF281	GGGGGAGGGG	>1:42792377-42793253
MA2094.1:::PAX8	CGTCACGCATGACTGC	>1:42792377-42793253
MA0089.3:::MAFG::NRF1	ATGACTCAGCA	>1:42792377-42793253
MA2489.1:::ZFP28	ATTTTCTATTTCTTCTTG	>1:42792377-42793253
MA2532.1:::ZNF780B	CTGCTGAAAC	>1:42792377-42793253
MA2551.1:::ZNF286B	GTGATGGGAAGCTCATTACCT	>1:42792377-42793253
MA2677.1:::HOXD1	ACTAATTAC	>1:42792377-42793253
MA0083.3:::SRF	TGACCATATATGGTCA	>1:5523827-5524794
MA0009.2:::TBXT	TCACACCTAGGTGTGA	>1:5523827-5524794
MA0787.1:::POU3F2	TTATGCAAATTA	>1:5523827-5524794
MA1485.1:::FERD3L	GCAACAGCTGTTAC	>1:5523827-5524794
MA1571.1:::TGIF2LX	TGACAGCTGTCA	>1:5523827-5524794
MA1572.1:::TGIF2LY	TGACAGCTGTCA	>1:5523827-5524794
MA1718.1:::ZNF8	GTATGGATATACCACATTTT	>1:5523827-5524794
MA1573.2:::THAP11	ACTACAATTCCCAG	>1:5523827-5524794
MA2323.1:::PGR	AAGAACAAATTGTTCTT	>1:5523827-5524794
MA1472.3:::BHLHA15	ACAGCTGT	>1:5523827-5524794
MA0492.2:::JUND	GATGATGTCAT	>1:5523827-5524794
MA0479.2:::FOXH1	AATCCACA	>1:5523827-5524794
MA1955.2:::FOXO1::ELK3	GTAAACAGGAAGT	>1:5523827-5524794
MA1956.2:::FOXO1::FLI1	GTAAACAGGAAGT	>1:5523827-5524794
MA0772.2:::IRF7	CGAAAGCGAAAGT	>1:5523827-5524794
MA0659.4:::MAFG	GCTGACTCAGCA	>1:5523827-5524794
MA0497.2:::MEF2C	CTAAAAATAGA	>1:5523827-5524794
MA0842.3:::NRL	AAAGTGCTGACG	>1:5523827-5524794
MA0790.2:::POU4F1	TGAATAATTAAT	>1:5523827-5524794
MA0791.2:::POU4F3	TGCATAATTAAT	>1:5523827-5524794
MA1550.2:::PPARD	GGGGTCAAAGGTCA	>1:5523827-5524794
MA0520.2:::STAT6	TTCCTGAGAA	>1:5523827-5524794
MA0804.2:::TBX19	TCACACCTAGGTGTGAA	>1:5523827-5524794
MA1709.2:::ZIM3	CAACAGAAACC	>1:5523827-5524794
MA2537.1:::SALL3	ATACATATT	>1:5523827-5524794
MA2555.1:::ZNF493	TATGGGCACTGTTC	>1:5523827-5524794
MA2589.1:::ZNF728	AGCTGGTTCCAG	>1:5523827-5524794
MA0115.1:::NR1H2::RXRA	AAAGGTCAAAGGTCAAC	>1:899682-900575
MA0153.2:::HNF1B	GTTAATGATTAAC	>1:899682-900575
MA0678.1:::OLIG2	ACCATATGGT	>1:899682-900575
MA0512.2:::RXRA	GGGGTCAAAGGTCA	>1:899682-900575
MA0770.1:::HSF2	TTCTAGAACGTTC	>1:899682-900575
MA0780.1:::PAX3	TAATCGATTA	>1:899682-900575
MA0795.1:::SMAD3	CGTCTAGACA	>1:899682-900575
MA0826.1:::OLIG1	AACATATGTT	>1:899682-900575
MA0032.2:::FOXC1	TATGTAAATAT	>1:899682-900575
MA0855.1:::RXRB	GGGGTCAAAGGTCA	>1:899682-900575
MA0856.1:::RXRG	GGGGTCAAAGGTCA	>1:899682-900575
MA1124.1:::ZNF24	CATTCATTCATTC	>1:899682-900575
MA1155.1:::ZSCAN4	TGCACACACTGAAAA	>1:899682-900575
MA1127.1:::FOSB::JUN	GATGACGTCAT	>1:899682-900575
MA2119.1:::HOXA3	GTAATTA	>1:899682-900575
MA2327.1:::PGR	ACAGTCTGT	>1:899682-900575
MA0619.2:::LIN54	TTTGAAT	>1:899682-900575
MA1632.2:::ATF2	ATGAGGTCAT	>1:899682-900575
MA0605.3:::ATF3	ATGACGTCAT	>1:899682-900575
MA0591.2:::BACH1::MAFK	GATGACTCAGCA	>1:899682-900575
MA0817.2:::BHLHE23	AACATATGTT	>1:899682-900575
MA1473.2:::CDX4	GCAATAAAA	>1:899682-900575
MA0840.2:::CREB5	ATGACGTCAC	>1:899682-900575
MA0609.3:::CREM	GTGACGTCAC	>1:899682-900575
MA0754.3:::CUX1	TAATCGATA	>1:899682-900575
MA0901.3:::HOXB13	CCAATAAAA	>1:899682-900575
MA1495.2:::HOXA1	TAATTA	>1:899682-900575
MA0141.4:::ESRRB	TCAAGGTCAT	>1:899682-900575
MA0900.3:::HOXA2	TAATTA	>1:899682-900575
MA1951.2:::FOS	GATGACGTCATCA	>1:899682-900575
MA1140.3:::JUNB	ATGACGTCATC	>1:899682-900575
MA1143.2:::FOSL1::JUND	ATGACGTAA	>1:899682-900575
MA1131.2:::FOSL2::JUN	ATGACGTCAT	>1:899682-900575
MA1139.2:::FOSL2::JUNB	ATGACGTCAT	>1:899682-900575
MA0846.2:::FOXC2	TAAGTAAACAA	>1:899682-900575
MA0847.4:::FOXD2	TTAAACAAACA	>1:899682-900575
MA1487.3:::FOXE1	CTAAATAAACAA	>1:899682-900575
MA1494.2:::HNF4A	GGGTCCAAAGGTCA	>1:899682-900575
MA0656.2:::JDP2	ATGACGTCAT	>1:899682-900575
MA0135.2:::LHX3	AAATTAATTAAT	>1:899682-900575
MA0703.3:::LMX1B	TTAATTAA	>1:899682-900575
MA0501.2:::MAF::NFE2	ATGACTCAGCA	>1:899682-900575
MA0052.5:::MEF2A	CTAAAAATAG	>1:899682-900575
MA0497.2:::MEF2C	CTAAAAATAGA	>1:899682-900575
MA0706.2:::MEOX2	GTAATTA	>1:899682-900575
MA0621.2:::MIX-A	TTAATTA	>1:899682-900575
MA0150.3:::NFE2L2	ATGACTCAGCA	>1:899682-900575
MA0778.2:::NFKB2	GGGGATTCCCC	>1:899682-900575
MA0017.3:::NR2F1	AAAGGTCAAGGG	>1:899682-900575
MA1537.2:::NR2F1	AGGTCAAAGGTCA	>1:899682-900575
MA0677.2:::NR2F6	AGGTCAAAGGTCA	>1:899682-900575
MA0679.3:::ONECUT1	AAATCAATA	>1:899682-900575
MA0757.2:::ONECUT3	AAAAATCAATAA	>1:899682-900575
MA1546.2:::PAX3	CGTCACGCTAATTA	>1:899682-900575
MA0070.2:::PBX1	ATCAATCAA	>1:899682-900575
MA0681.3:::PHOX2B	TAATCAAATTAT	>1:899682-900575
MA0784.3:::POU1F1	CTAATTTGCATAAT	>1:899682-900575
MA0507.3:::POU2F2	ATATGCAAATTAG	>1:899682-900575
MA0683.2:::POU4F2	TGCATAATTAATGAG	>1:899682-900575
MA0628.2:::POU6F1	TAATTA	>1:899682-900575
MA1550.2:::PPARD	GGGGTCAAAGGTCA	>1:899682-900575
MA0859.2:::RARG	AAGGTCAAAAGGTCA	>1:899682-900575
MA0829.3:::SREBF1	ATCACCTGAT	>1:899682-900575
MA0518.2:::STAT4	TTCCAGGAAA	>1:899682-900575
MA1624.2:::STAT5A	TTCCAAGAA	>1:899682-900575
MA0519.2:::STAT5A::STAT5B	TTCCAAGAA	>1:899682-900575
MA1625.2:::STAT5B	TTCCCAGAA	>1:899682-900575
MA1969.2:::THRA	GTGTCCTCATGTGACCTC	>1:899682-900575
MA1974.2:::ZNF211	TATATACCAT	>1:899682-900575
MA1726.2:::ZNF331	TGCAGAGCCC	>1:899682-900575
MA1657.2:::ZNF652	AAGAGTTAA	>1:899682-900575
MA1731.2:::ZNF768	CCCTCTCTG	>1:899682-900575
MA0089.3:::MAFG::NRF1	ATGACTCAGCA	>1:899682-900575
MA2488.1:::ZBTB40	AAAACTTTATT	>1:899682-900575
MA2517.1:::ZSCAN25	GCAGGGGTGAGG	>1:899682-900575
MA2537.1:::SALL3	ATACATATT	>1:899682-900575
MA2543.1:::ZBTB47	AAAGGGTTAA	>1:899682-900575
MA2549.1:::ZNF234	TTTCCTATTTATCTCACT	>1:899682-900575
MA2562.1:::TIGD5	CCCGTTATAACGC	>1:899682-900575
MA2593.1:::ZNF362	AAAAAAAAAA	>1:899682-900575
MA2677.1:::HOXD1	ACTAATTAC	>1:899682-900575
MA2485.1:::DUXBL1	TTAATCTAATCAA	>1:899682-900575
MA0153.2:::HNF1B	GTTAATGATTAAC	>1:933173-934106
MA0665.1:::MSC	AACAGCTGTT	>1:933173-934106
MA0691.1:::TFAP4	AACAGCTGAT	>1:933173-934106
MA0106.3:::TP53	AACATGCCCGGGCATGTC	>1:933173-934106
MA1124.1:::ZNF24	CATTCATTCATTC	>1:933173-934106
MA1155.1:::ZSCAN4	TGCACACACTGAAAA	>1:933173-934106
MA1485.1:::FERD3L	GCAACAGCTGTTAC	>1:933173-934106
MA0831.3:::TFE3	GTCACGTGAC	>1:933173-934106
MA0878.3:::CDX1	GGCAATAAAA	>1:933173-934106
MA2327.1:::PGR	ACAGTCTGT	>1:933173-934106
MA0605.3:::ATF3	ATGACGTCAT	>1:933173-934106
MA0834.2:::ATF7	ATGACGTCAT	>1:933173-934106
MA1472.3:::BHLHA15	ACAGCTGT	>1:933173-934106
MA1635.2:::BHLHE22	CAGCTG	>1:933173-934106
MA1951.2:::FOS	GATGACGTCATCA	>1:933173-934106
MA1140.3:::JUNB	ATGACGTCATC	>1:933173-934106
MA0492.2:::JUND	GATGATGTCAT	>1:933173-934106
MA0030.2:::FOXF2	CGTAAACAA	>1:933173-934106
MA0046.3:::HNF1A	GTTAATGATTAAC	>1:933173-934106
MA0050.4:::IRF1	TGAAACTGAAA	>1:933173-934106
MA0772.2:::IRF7	CGAAAGCGAAAGT	>1:933173-934106
MA1520.2:::MAF	TGCTGAGTCAGCA	>1:933173-934106
MA0495.4:::MAFF	GTCAGCATTTT	>1:933173-934106
MA0497.2:::MEF2C	CTAAAAATAGA	>1:933173-934106
MA0620.4:::MITF	GTCACGTGAC	>1:933173-934106
MA1524.3:::MSGN1	GACAAATGGT	>1:933173-934106
MA1641.2:::MYF5	ACAGCTGT	>1:933173-934106
MA0500.3:::MYOG	GCAGCTGC	>1:933173-934106
MA1993.2:::NEUROD2	CAGCTG	>1:933173-934106
MA0504.2:::NR2C2	GGGGTCAGAGGTCA	>1:933173-934106
MA1997.2:::OLIG2	CAGCTG	>1:933173-934106
MA0757.2:::ONECUT3	AAAAATCAATAA	>1:933173-934106
MA0793.2:::POU6F2	AGCTCATTA	>1:933173-934106
MA1619.2:::PTF1A	ACAGCTGT	>1:933173-934106
MA0138.3:::REST	TCAGCACCATGGACAGCGCC	>1:933173-934106
MA0073.2:::RREB1	CCCCAAACCACCCCCCCCC	>1:933173-934106
MA1623.2:::STAT2	GAAACAGAAA	>1:933173-934106
MA0521.3:::TCF12	CAGCTG	>1:933173-934106
MA1574.2:::THRB	GGGTCAAAGGTCA	>1:933173-934106
MA0861.2:::TP73	ACATGTCTGGACATGT	>1:933173-934106
MA0633.3:::TWIST2	CAGCTG	>1:933173-934106
MA1975.2:::ZNF214	TCATCAAGGTCCT	>1:933173-934106
MA0753.3:::ZNF740	CCCCCCCCAC	>1:933173-934106
MA2462.1:::ZNF250	TAATCAAAACAGTA	>1:933173-934106
MA2489.1:::ZFP28	ATTTTCTATTTCTTCTTG	>1:933173-934106
MA2491.1:::ZNF134	CCTTCACCTGATTAG	>1:933173-934106
MA2507.1:::NACC2	ACACATGTGATAATGGACATGTGT	>1:933173-934106
MA2554.1:::ZNF471	TCTCCATCTCTTTT	>1:933173-934106
MA2582.1:::ZNF121	TGGGCAACAT	>1:933173-934106
MA2629.1:::GSC::TBX21	AGGTGTGAGGGATTAG	>1:933173-934106
MA2691.1:::ZNF841	AGAAGCAGCCAGG	>1:933173-934106
MA0071.1:::RORA	ATCAAGGTCA	>1:945891-946778
MA0613.1:::FOXG1	GTAAACAA	>1:945891-946778
MA0691.1:::TFAP4	AACAGCTGAT	>1:945891-946778
MA0780.1:::PAX3	TAATCGATTA	>1:945891-946778
MA0863.1:::MTF1	TTTGCACACGGCAC	>1:945891-946778
MA1155.1:::ZSCAN4	TGCACACACTGAAAA	>1:945891-946778
MA1493.1:::HES6	GGCACGTGTT	>1:945891-946778
MA1570.1:::TFAP4	AACATATGTT	>1:945891-946778
MA0623.2:::NEUROG1	GACATATGTC	>1:945891-946778
MA1972.1:::ZFP14	GGAGGCACTGGAATG	>1:945891-946778
MA1980.1:::ZNF418	AAGAGGCTAAAAGCA	>1:945891-946778
MA2337.1:::NR1H3	AGGTCA	>1:945891-946778
MA1463.2:::ARGFX	CTAATTAA	>1:945891-946778
MA1100.3:::ASCL1	GCAGCTGC	>1:945891-946778
MA1472.3:::BHLHA15	ACAGCTGT	>1:945891-946778
MA1635.2:::BHLHE22	CAGCTG	>1:945891-946778
MA0048.3:::NHLH1	CGCAGCTGC	>1:945891-946778
MA0040.2:::FOXQ1	ATTGTTTATT	>1:945891-946778
MA0140.3:::GATA1::TAL1	TTATCTGTGAGGAGCAG	>1:945891-946778
MA1108.3:::MXI1	CACATG	>1:945891-946778
MA1641.2:::MYF5	ACAGCTGT	>1:945891-946778
MA0500.3:::MYOG	GCAGCTGC	>1:945891-946778
MA1993.2:::NEUROD2	CAGCTG	>1:945891-946778
MA0668.3:::NEUROD2	ACAGATGG	>1:945891-946778
MA1643.2:::NFIB	CCTGGCATTGTGCCAAG	>1:945891-946778
MA1527.2:::NFIC	TTGGCACGGTGCCAA	>1:945891-946778
MA1528.2:::NFIX	TTGGCACGGTGCCA	>1:945891-946778
MA1996.2:::NR1H2	AGGTCA	>1:945891-946778
MA1110.3:::NR1H4	AGGTCA	>1:945891-946778
MA1111.2:::NR2F2	AAGGTCA	>1:945891-946778
MA1997.2:::OLIG2	CAGCTG	>1:945891-946778
MA1619.2:::PTF1A	ACAGCTGT	>1:945891-946778
MA1620.2:::PTF1A	ACACCTGT	>1:945891-946778
MA0072.2:::RORA	TAAGTAGGTCA	>1:945891-946778
MA0745.3:::SNAI2	GCACCTGT	>1:945891-946778
MA0519.2:::STAT5A::STAT5B	TTCCAAGAA	>1:945891-946778
MA0091.2:::TAL1::TCF3	ACCATCTGTT	>1:945891-946778
MA0521.3:::TCF12	CAGCTG	>1:945891-946778
MA0692.2:::TFEB	CACGTGAC	>1:945891-946778
MA0633.3:::TWIST2	CAGCTG	>1:945891-946778
MA1581.2:::ZBTB6	CCTTGAGCC	>1:945891-946778
MA0103.4:::ZEB1	CACCTG	>1:945891-946778
MA1709.2:::ZIM3	CAACAGAAACC	>1:945891-946778
MA1655.2:::ZNF341	GAACAGCC	>1:945891-946778
MA1984.2:::ZNF667	TTAAGAGCTCA	>1:945891-946778
MA2489.1:::ZFP28	ATTTTCTATTTCTTCTTG	>1:945891-946778
MA2491.1:::ZNF134	CCTTCACCTGATTAG	>1:945891-946778
MA2507.1:::NACC2	ACACATGTGATAATGGACATGTGT	>1:945891-946778
MA2532.1:::ZNF780B	CTGCTGAAAC	>1:945891-946778
MA2533.1:::ZNF814	GAGACTAGGGAGGGAC	>1:945891-946778
MA2574.1:::ZNF878	TTTTTGTCCTGTCCTG	>1:945891-946778
MA2584.1:::DNTTIP1	TGTGCATGCAT	>1:945891-946778
MA2587.1:::ZNF672	CATCCCCCTGCCTCC	>1:945891-946778
MA2687.1:::ZNF251	TGGCTTTTTTCACTTAGCAC	>1:945891-946778
MA2689.1:::ZNF470	TTCTCTTCTGTTTCCT	>1:945891-946778
MA2692.1:::ZNF43	TCCAAATTTGGA	>1:945891-946778
MA1618.2:::PTF1A	ACAGATGTT	>1:945891-946778
