1	38398696	38415158	hpgd
1	56943492	56948694	havana
1	44707054	44710937	pold4
1	31809173	31856676	nt5c2b
1	7574351	7603734	mxb
1	20733102	20826023	tll1
1	56950797	56951369	ensembl_havana
1	56955349	56960001	havana
1	17527342	17536307	casp3a
1	56972616	56981521	havana
1	25886437	25911901	USP53
1	53881844	53907092	capn9
1	40237276	40258430	faah2a
1	22647756	22652424	uchl1
1	51191049	51197601	btbd3a
1	58608978	58613487	ensembl_havana
1	58613972	58618868	ensembl_havana
1	45616067	45636362	septin3
1	56992262	56996143	havana
1	45570059	45616470	atf7ip
1	46888033	46924801	pdxkb
1	20839482	20911297	cpe
1	57004178	57008386	havana
1	12135129	12138612	spink4
1	43686251	43692141	cisd2
1	49568335	49605854	col17a1a
1	57013640	57016780	havana
1	58620953	58622498	zgc:174890
1	59067978	59072128	MFAP4
1	35494837	35609659	gab1
1	29862074	29953746	pcca
1	46948010	46957351	TMPRSS3
1	25917591	25936679	myoz2b
1	245076	258138	grk1a
1	57040472	57044846	ensembl_havana
1	40263671	40270561	TXN
1	20916551	20928772	msmo1
1	1712140	1793371	atp1a1a.1
1	57050899	57059786	havana
1	59101838	59104160	ensembl_havana
1	43695033	43727613	SLC9B2
1	59073203	59089598	mfap4.2
1	1789357	1796832	atp1a1a.2
1	43714149	43727576	bdh2
1	59094416	59096190	MFAP4
1	59090583	59092056	mfap4.1
1	20932052	20970266	KLHL2
1	59075795	59104145	MFAP4
1	59073203	59074515	MFAP4
1	20929437	20930443	havana
1	20936711	20938512	havana
1	10636064	10640748	zgc:174945
1	52518176	52538517	tacr3l
1	57118783	57120505	havana
1	44710955	44737931	SSRP1
1	12141876	12161148	ensembl_havana
1	38665754	38753029	havana
1	38649141	38756904	gpm6ab
1	7632119	7659870	efnb2b
1	55264025	55270966	si:ch211-286b5.5
1	10662312	10663525	havana
1	10667447	10669436	ensembl_havana
1	7662091	7673376	arglu1b
1	10642322	10647484	ensembl_havana
1	25959084	25966411	ensembl_havana
1	10672843	10682149	havana
1	57128562	57129299	ensembl_havana
1	19303241	19331532	havana
1	46963993	46984142	PKNOX1
1	22654875	22665098	anxa5b
1	51202984	51219965	esf1
1	55279124	55287260	havana
1	22663723	22674613	havana
1	9230244	9231952	havana
1	53911834	53918839	taf5l
1	31864404	31867717	inab
1	53919110	53941906	nup133
1	51229327	51266394	KIF16B
1	12172322	12193239	stra6l
1	23596731	23598674	havana
1	57198387	57202346	havana
1	51221320	51229456	ndufaf5
1	57208005	57213362	havana
1	57151926	57160654	havana
1	57145072	57145503	havana
1	57132140	57236167	ensembl_havana
1	57176256	57180904	havana
1	17537451	17587552	acsl1a
1	57218301	57224222	ensembl_havana
1	57170145	57172294	havana
1	57187794	57195815	havana
1	40291054	40307806	havana
1	57235896	57238464	havana
1	55293424	55299173	zgc:172106
1	9234928	9249943	zgc:136472
1	35614089	35653560	frem3
1	28031697	28047242	chst10
1	10683843	10696603	mpc2a
1	26025292	26027337	ensembl_havana
1	26011479	26023678	ensembl_havana
1	31942961	31979510	anos1a
1	26036123	26045584	gpank1
1	19332837	19346048	tyrp1b
1	26046148	26071535	pdcd4a
1	260039	296057	cenpe
1	46985884	46989650	ensembl_havana
1	55304374	55310703	havana
1	52560549	52628407	abca1a
1	40308077	40329641	havana
1	7679328	7683372	en1b
1	20980975	20986124	havana
1	7700023	7701837	havana
1	5437390	5504130	atic
1	22685961	22691182	fgfbp2b
1	22691256	22703383	zmynd10
1	7847787	7894255	radil
1	5449777	5455502	mnx2b
1	55348537	55353978	havana
1	5504128	5543065	fn1b
1	29954690	30039332	marchf4l
1	44746154	44758388	p2rx3b
1	47106268	47114319	setd4
1	19353048	19402815	rbm47
1	46999441	47089818	ITSN1
1	10720294	10739221	atp1b1b
1	40336160	40519340	ensembl_havana
1	32017437	32018115	havana
1	47089501	47105214	cryzl1
1	7908282	7917062	MMD2
1	20990877	20996026	havana
1	55476002	55477135	havana
1	22712931	22757145	prom1b
1	49606518	49649122	slkb
1	40562540	40569613	scoca
1	23783349	23912788	slit2
1	45650285	45662774	serhl
1	21000784	21005933	havana
1	32051581	32077473	STS
1	55478653	55515184	havana
1	9277846	9285351	havana
1	9258931	9278037	ubn1
1	35662474	35695724	ensembl_havana
1	44767657	44770055	si:dkey-9i23.4
1	51312752	51377850	MAST1
1	57277945	57280585	havana
1	7924956	7930679	havana
1	57269441	57317797	havana
1	21010689	21015930	havana
1	19418380	19431510	lap3
1	12195700	12228116	tdrd7a
1	38758261	38803495	wdr17
1	10771457	10776547	CNGA3
1	17593392	17595045	helt
1	59107633	59116738	ensembl_havana
1	53954230	53963933	CCSAP
1	53945934	53953532	acta1a
1	28067771	28089650	snapc3
1	44780849	44783558	si:dkey-9i23.5
1	6408	12027	rpl24
1	10783670	10806625	havana
1	55535827	55540577	havana
1	11822	16373	cep97
1	40572757	40608392	clgn
1	59128019	59130695	ensembl_havana
1	30083578	30310689	vps8
1	44784793	44796531	havana
1	44800298	44801179	TMEM187
1	7936270	7939514	havana
1	59136015	59139599	mfap4.10
1	17618015	17650223	havana
1	22770255	22803147	tapt1b
1	59132757	59139848	ensembl_havana
1	53980120	53988017	RHOU
1	21135012	21204114	ensembl_havana
1	45663727	45669444	trappc5
1	55563532	55574266	havana
1	44802794	44812014	havana
1	32097179	32111924	pnpla4
1	57331813	57340192	EPN3
1	43801957	43892349	tacr3a
1	52632856	52652163	ensembl_havana
1	49651012	49674006	tsga10
1	22805398	22834824	ldb2b
1	55583116	55587666	havana
1	35790082	35835863	hhip
1	51386649	51406531	atg4da
1	17652388	17675037	havana
1	312784	338445	gas6
1	26071869	26096572	MXD4
1	9290103	9294115	uncx4.1
1	7946842	7951002	havana
1	59140583	59141838	ensembl_havana
1	55600504	55606573	havana
1	43894238	43899422	cnga1a
1	10809604	10821584	crfb15
1	7964276	7975769	ensembl_havana
1	54037077	54062112	havana
1	32316335	32318911	havana
1	59142783	59151058	GPR108
1	32341484	32385665	pudp
1	54017703	54043788	havana
1	54062510	54063520	smdt1b
1	54013457	54026352	dla
1	40613292	40641467	naa15b
1	44814322	44823071	ndufs8a
1	45671687	45700574	mcoln1a
1	26099250	26103232	ndufb6
1	19433004	19466453	clockb
1	28089703	28195267	psip1a
1	55608520	55617155	havana
1	32521469	32693950	nlgn4xa
1	52653626	52659711	aptx
1	43901966	43905263	enam
1	7993632	8000428	ensembl_havana
1	343292	354166	pros1
1	17677373	17715493	ensembl_havana
1	17681044	17693273	cfap97
1	55643198	55646413	havana
1	17676745	17679089	slc25a4
1	17695426	17698773	ankrd37
1	17699471	17711676	ufsp2
1	57347888	57365052	b3gntl1
1	1805294	1815660	atp1a1a.3
1	24076243	24078099	mab21l2
1	24337062	24343477	havana
1	44826316	44835738	stx3a
1	23919418	24349789	LRBA
1	33215241	33216718	havana
1	22851261	22876174	gtf2e2
1	51407520	51428106	actr2a
1	33217911	33283689	PRKX
1	22845225	22851481	qdprb.1
1	38804961	38816685	asb5b
1	22857753	22861348	smim18
1	12231478	12257979	TMOD1
1	9459760	9486214	micall2b
1	28308616	28309012	havana
1	26105141	26109961	toporsa
1	8017069	8020589	havana
1	28348958	28364598	havana
1	45707219	45744854	ensembl_havana
1	35862550	35867943	havana
1	59154521	59158077	ensembl_havana
1	45744118	45752261	si:ch211-214c7.5
1	35896488	35929143	smad1
1	33322174	33334732	MXRA5
1	8022320	8101495	havana
1	55662491	55668390	havana
1	49682312	49698110	havana
1	357518	411331	RASA3
1	28391631	28473487	ensembl_havana
1	8127675	8141135	FAM83G
1	8110562	8163167	SLC5A10
1	52662203	52699063	osbp
1	33336923	33353778	gyg2
1	47116121	47122141	mhc1zea
1	33353174	33380340	cd99
1	43909933	43915567	scpp5
1	18716	23389	NFKBIZ
1	57371447	57382010	ensembl_havana
1	28708241	28709951	havana
1	51444549	51474974	SPRED2
1	12262980	12278581	cplx2l
1	55703120	55707336	havana
1	44838706	44869972	kdm2aa
1	49699903	49715822	havana
1	8165340	8192418	grapb
1	5576151	5587575	cpo
1	57724157	57763348	ensembl_havana
1	10824351	11075405	dmd
1	55723870	55728458	havana
1	19473028	19502378	kitb
1	24355515	24359653	rps3a
1	47125610	47135341	mhc1zda
1	49805384	49805818	havana
1	8304904	8404005	CACNA1H
1	24365582	24367412	ensembl_havana
1	54065611	54068428	havana
1	47140788	47151790	mhc1zca
1	59218067	59237167	akap8l
1	30333202	30334829	havana
1	21242836	21297748	npy1r
1	47155424	47161996	mhc1zba
1	9499645	9527200	ensembl_havana
1	43917934	43920576	scpp7
1	30343714	30366824	C9H3orf70
1	21309386	21312596	med28
1	35956435	35970259	mmaa
1	55730205	55747003	havana
1	49814461	49905357	lef1
1	55745878	55750208	dnajb1b
1	21313165	21321482	tmem144a
1	26127818	26131088	ensembl_havana
1	26110985	26127944	mtap
1	12295142	12334540	gne
1	52763979	52790782	patl1
1	28723817	28831848	GK3
1	51475094	51525086	meis1a
1	57774454	57779848	havana
1	54069450	54084665	DCAF15
1	24387659	24391673	ensembl_havana
1	38818268	38822167	spcs3
1	40733921	40735381	zgc:153642
1	40740951	40759629	htra3a
1	1838164	1850104	atp1a1a.5
1	24376698	24462691	sh3d19
1	45754868	45836167	PKN1
1	57831922	57839070	havana
1	5606460	5746030	nrp2a
1	27690	34330	eed
1	57927489	57931592	havana
1	47165842	47173403	cbr1
1	43926153	43933271	ambn
1	40760448	40799856	GPR78
1	19515228	19517791	clrn2
1	9626277	9629724	ugt5b5
1	9557212	9712302	ELFN1
1	24382651	24385979	QDPR
1	9645275	9652725	ugt5b1
1	30422143	30438036	tmem41ab
1	9630996	9652696	ugt5b4
1	8415983	8428761	syngr3b
1	24376394	24380533	qdprb.4
1	43945629	43948826	havana
1	26183739	26185594	havana
1	9629161	9652547	ugt5b2
1	9635978	9652725	ugt5b3
1	35985813	36002774	zgc:152968
1	40801448	40818900	CPZ
1	26250729	26294995	CXXC4
1	22943551	23157583	ADGRL3
1	47178529	47202163	morc3b
1	12335816	12344792	nansa
1	54088563	54107321	RFX1
1	6068436	6085750	havana
1	26356205	26402046	TET2
1	26389153	26398361	ppa2
1	57966831	57980061	havana
1	43958198	43963441	odam
1	30439422	30441060	havana
1	45839927	45856178	map2k7
1	36552	39191	hikeshi
1	52792439	52820954	smarca5
1	8507004	8510066	havana
1	8508753	8516595	alkbh5
1	30443193	30510957	igf2bp2b
1	40861690	40901757	havana
1	8442071	8507230	MYO15A
1	40909750	40911332	hmx4
1	38850830	38908197	vegfc
1	21333068	21409877	gria2a
1	40912613	40914752	hmx1
1	57981823	57991025	havana
1	57997535	58002973	si:ch211-114l13.9
1	40992682	40994259	adra2c
1	28832671	28861226	timmdc1
1	19535144	19537359	exoc1l
1	59237328	59243542	havana
1	19535120	19561801	smc2
1	43969797	43973068	scpp9
1	418869	443759	TPP2
1	58005222	58009216	nxnl1
1	58013076	58036509	colgalt1b
1	49909672	49919042	hadh
1	58003615	58017364	havana
1	43973880	43983405	havana
1	51537250	51545917	etaa1a
1	54606354	54608032	havana
1	59244159	59251874	olfm2b
1	23161369	23240046	ensembl_havana
1	55752593	55777154	tecrb
1	44870880	44901163	TCIRG1
1	6135176	6158609	abcb6a
1	43988715	44001011	zgc:66472
1	54613757	54622227	tekt4
1	53266504	53277660	znf330
1	41131481	41141446	lrpap1
1	44839	50247	ildr1a
1	39313	44565	tmem39a
1	47331644	47411186	bcl9
1	51557789	51591436	ppp3r1b
1	59252435	59287507	col5a3b
1	44003654	44009286	havana
1	28874389	28890028	poglut1
1	33383644	33487375	dhrsx
1	53234693	53260082	il15
1	52929185	53225121	INPP4B
1	36017867	36152131	ZNF827
1	59252435	59252973	havana
1	12348213	12361930	clta
1	47414734	47431453	gja5b
1	8521323	8532009	mief2
1	47446032	47448850	gja8b
1	30551777	30554973	gpr183b
1	30539971	30568225	ubac2
1	1904419	1911381	havana
1	1915967	1923253	havana
1	1896737	1899848	havana
1	454315	462165	METTL21C
1	1870861	1928122	ensembl_havana
1	28898945	28950366	pwp2h
1	44011472	44025066	havana
1	58039551	58049515	trim35-1
1	21423010	21483832	glrba
1	28903770	28904635	havana
1	23274710	23283468	lias
1	466780	471925	mettl21e
1	6171585	6185532	ensembl_havana
1	23269503	23274504	rpl9
1	54626491	54637378	si:ch211-202h22.9
1	36194761	36204000	lsm6
1	6161930	6172328	cnppd1
1	51593884	51606552	cnrip1a
1	41142881	41192206	DOK7
1	58050905	58064738	caspb
1	44027611	44037843	havana
1	47459723	47485360	fstl1a
1	9739370	9858508	mad1l1
1	17721853	17735861	pdlim3a
1	36436936	36440301	pou4f2
1	44040211	44048798	si:ch73-109d9.2
1	39387876	39779913	tenm3
1	23243093	23274038	rfc1
1	33547532	33557915	creb1a
1	44906517	44926013	ensembl_havana
1	8534698	8540050	smcr8b
1	8539671	8553298	zgc:112980
1	45866692	45920632	PNPLA6
1	44925422	44928987	si:dkey-9i23.15
1	41201586	41287914	rgs12b
1	23283532	23294753	ugdh
1	49923402	49932040	cyp2u1
1	39675706	39677920	havana
1	54638126	54648766	si:ch211-202h22.8
1	51608742	51615475	fbxo48
1	58066109	58076716	ensembl_havana
1	44053641	44062209	havana
1	474085	494280	ensembl_havana
1	47486104	47492961	lrrc58a
1	26411496	26437820	ARHGEF38
1	49933652	49950643	sgms2a
1	54650048	54659923	ensembl_havana
1	36447498	36472785	havana
1	30585140	30689004	dachc
1	44074445	44084071	havana
1	33558555	33569245	chmp2bb
1	47499888	47513484	stn1
1	58079053	58088949	si:ch211-114l13.13
1	54673846	54680103	gprc5bb
1	26438597	26444075	ints12
1	28961653	29045426	gpm6ba
1	1941031	2000357	havana
1	2025085	2027100	slc5a3a
1	2048047	2051599	oxgr1a.1
1	17747656	17803614	ensembl_havana
1	24469313	24514673	FHIP1A
1	2060430	2061419	oxgr1a.3
1	2074513	2075529	oxgr1a.2
1	51615506	51627129	ensembl_havana
1	9860381	9866856	pmm2
1	11086957	11104805	havana
1	21495850	21538673	WDR19
1	47585700	47686888	SH3PXD2A
1	44930457	44933094	ensembl_havana
1	54683655	54694012	havana
1	60979	65017	ensembl_havana
1	55780128	55785722	ndufb7
1	36612660	36702355	ednraa
1	19562752	19599242	ecpas
1	30718246	30723258	mzt1
1	58091659	58102982	havana
1	47701924	47771742	neurl1aa
1	65705	71523	gpa33a
1	24520503	24558838	gatb
1	51673028	51684941	prokr1a
1	494297	505620	blzf1
1	24557414	24558749	dctpp1
1	58105762	58115298	caspbl
1	2101541	2217861	mbnl2
1	33634186	33635304	ensembl_havana
1	33645044	33647169	cldng
1	6189949	6210718	retreg2
1	9873295	9885326	ints15
1	44141758	44161417	slc43a3a
1	51702087	51710340	snrpb2
1	59293873	59303460	rdh8b
1	49951707	50065603	gstcd
1	33647682	33663705	havana
1	36722122	36746569	tmem184c
1	44127292	44141442	cabp2a
1	45922699	45924004	lipt1
1	8555323	8566567	PTCD1
1	36746078	36772147	prmt9
1	47831619	48012257	cfap58
1	55786986	55810730	zgc:136908
1	54700657	54706039	exosc1
1	36771954	36913091	arhgap10
1	44935442	44940953	tmem176
1	11107688	11117930	knstrn
1	29058268	29061327	gemin8
1	50085440	50188006	npnta
1	17858380	17861928	havana
1	26444986	26466002	g3bp2a
1	12364456	12397258	SCLT1
1	17892944	17898227	tlr3
1	58116900	58132014	ensembl_havana
1	45925150	45959721	ensembl_havana
1	33668236	33694795	arl13b
1	30723380	30735478	bora
1	59304096	59313486	txndc11
1	109798	119146	f7l
1	108285	110804	havana
1	12394205	12400783	C1H4orf33
1	46026457	46030577	havana
1	8575307	8577274	havana
1	48921944	48922273	havana
1	55817653	55840105	havana
1	48923328	48927049	havana
1	46194333	46196107	sox1b
1	8587230	8590009	havana
1	41318241	41331772	havana
1	8593560	8597015	havana
1	41293964	41374117	htt
1	508885	513786	trmt10c
1	17900306	17912645	cyp4v2a
1	9886991	9914630	rgs11
1	8615535	8625266	ensembl_havana
1	54707667	54718863	pgam1b
1	8601935	8610564	ensembl_havana
1	46238774	46244523	havana
1	6218632	6225285	mdh1b
1	24870661	25144439	FBXW7
1	51712869	51720633	rnaseh2a
1	58137020	58145365	ensembl_havana
1	55843552	55873178	prkacab
1	25154076	25177225	tmem154
1	44173245	44229065	CTNND1
1	11124746	11519934	SDK1
1	46250113	46251822	havana
1	54721240	54735441	cdc25d
1	58150000	58155977	havana
1	8638162	8646941	fbxl18
1	119960	125246	f7
1	48997724	49088559	havana
1	39813229	39859626	dctd
1	39878634	39895918	tmem134
1	29068649	29093562	cbsa
1	18251335	18336878	mtnr1aa
1	18187612	18237671	havana
1	39859782	39880189	irf2a
1	49222164	49225890	cxcl18b
1	44941031	44946224	si:dkey-9i23.16
1	50198607	50293948	tbck
1	6225493	6243978	ensembl_havana
1	51721851	51729862	prdx2
1	50293938	50319654	aimp1a
1	513986	518076	txnl4b
1	49245229	49250490	havana
1	44949909	44963259	vps37c
1	49266886	49295059	caly
1	58160151	58173589	havana
1	58176023	58179756	havana
1	26467071	26509316	uso1
1	58182400	58187215	havana
1	44992207	44994299	havana
1	44983825	44997770	ensembl_havana
1	46263473	46401385	ATP11A
1	33697170	33722780	nsun3
1	53279861	53299024	rnf150a
1	58194268	58197406	havana
1	2222363	2240119	rap2ab
1	8649099	8653385	actb1
1	9919909	9940494	pgap6
1	46400612	46401636	havana
1	18363833	18446161	klhl5
1	127250	134079	f7i
1	49352900	49355313	msx1b
1	58205904	58216018	havana
1	55878113	55888970	asf1bb
1	59314675	59324539	parn
1	6357059	6366066	havana
1	518853	524433	si:ch73-41e3.7
1	524388	532429	mrpl16
1	25178106	25216235	mnd1
1	51732979	51734535	junba
1	49357695	49362000	si:dkeyp-80c12.8
1	9954489	9966195	pdia2
1	55891376	55896332	havana
1	19602389	19632153	fbxo10
1	45012391	45042210	ensembl_havana
1	45043767	45049603	rps6
1	21540453	21563040	ncapd3
1	18550864	18563321	havana
1	45002971	45014434	dnaja1
1	8662530	8670486	FSCN1
1	51753125	51826020	havana
1	51802535	51803604	havana
1	6403551	6494384	klf7a
1	54737353	54755556	pi4k2a
1	2260407	2299553	kpnb3
1	36935154	37087966	nr3c2
1	135903	142469	f10
1	55903811	55905967	havana
1	33969015	34201195	EPHA6
1	55908578	55918530	havana
1	53321878	53361108	TBC1D9
1	18575747	18592068	fam114a1
1	51827046	51829291	dand5
1	49370549	49409549	gsk3bb
1	51869067	51876874	havana
1	6646529	6664123	ube2f
1	51896147	52086496	NFIX
1	144284	151998	prozb
1	6640437	6646356	si:ch211-93g23.2
1	44236341	44238912	havana
1	55920864	55922057	havana
1	58221372	58226861	havana
1	55925810	55930414	havana
1	54758575	54765262	havana
1	54766943	54785183	ensembl_havana
1	52162642	52170135	BEST2
1	52130164	52137313	rnf11a
1	52137528	52152993	get3
1	44239558	44241485	havana
1	52137392	52138257	havana
1	532766	591331	mrpl39
1	52111273	52128425	rad23aa
1	58228542	58238120	havana
1	30736449	30762264	DIS3
1	39898327	39977551	STOX2
1	29102011	29139183	HSF2BP
1	44246467	44248675	havana
1	55938565	55942055	havana
1	29096881	29100923	cryaa
1	8673061	8691969	abcg2b
1	58242498	58257899	havana
1	44249616	44251595	havana
1	49415281	49432147	taf5
1	44256883	44259377	havana
1	44260085	44262063	havana
1	11595798	11596829	ensembl_havana
1	53364510	53368034	havana
1	55947389	55947671	havana
1	49432137	49434892	atp5md
1	11606010	11607062	ensembl_havana
1	11615273	11616295	ensembl_havana
1	58260886	58268231	havana
1	44336897	44339528	havana
1	39981451	39983730	ing2
1	45056371	45076434	ensembl_havana
1	50392716	50438247	dkk2
1	39990547	39992042	SOD3
1	58282449	58285475	havana
1	41454210	41464007	si:ch211-89o9.4
1	46404968	46452686	tubgcp3
1	34203817	34233938	arl6
1	11626252	11631634	ensembl_havana
1	45080897	45096935	ensembl_havana
1	56107522	56122485	havana
1	6665033	6668168	havana
1	50487586	50527964	papss1
1	54834119	54861588	ensembl_havana
1	39995008	40009814	aip
1	54865552	54889501	ensembl_havana
1	18594146	18615063	klf3
1	11641482	11642513	ensembl_havana
1	59406300	59407322	havana
1	59406243	59415948	ensembl_havana
1	37195465	37310490	dclk2a
1	53374454	53388914	ucp1
1	54889733	54907823	zfyve27
1	26538446	26544268	havana
1	8694196	8702684	hapstr1b
1	12672979	12676287	havana
1	12675627	12677908	havana
1	44340124	44342519	havana
1	58290933	58297645	havana
1	9972565	9980810	havana
1	9966384	9982114	havana
1	40010103	40016058	cdk2ap2
1	21563311	21573013	primpol
1	44347388	44350014	havana
1	30829997	30831196	havana
1	30840216	30841415	havana
1	30853969	30857925	havana
1	11670879	11689525	brat1
1	152007	157563	pcid2
1	26551034	26554839	havana
1	30919336	30923141	havana
1	9986675	9988840	havana
1	19637312	19648227	polr1e
1	45121393	45135878	havana
1	8763429	8928841	ensembl_havana
1	58303892	58309518	havana
1	59416186	59417949	havana
1	25218177	25316149	ensembl_havana
1	40023640	40028859	lgi2b
1	26573435	26575260	havana
1	44350628	44353023	havana
1	29140884	29164911	ankrd10a
1	6817292	6925407	erbb4a
1	40034061	40053012	ccdc149b
1	58461990	58466807	havana
1	58393630	58397280	havana
1	58442694	58451271	zgc:194906
1	12763461	12797410	pcdh10a
1	11690360	11707665	EIF3B
1	58375871	58386128	havana
1	58353661	58357992	havana
1	58470287	58475718	havana
1	26577288	26584593	havana
1	58400409	58415954	havana
1	30946231	30974165	metap1d
1	58456494	58459867	havana
1	58323980	58327250	havana
1	58370526	58371503	havana
1	58360935	58367172	havana
1	52178916	52201279	rab3da
1	58312187	58466934	ensembl_havana
1	58424507	58434252	havana
1	34243650	34261993	SLC5A7
1	45138905	45146834	havana
1	9994811	10000376	ensembl_havana
1	41465771	41472087	paip2b
1	58332000	58346871	havana
1	44357737	44360359	havana
1	59419086	59422880	havana
1	8962624	8966046	socs1b
1	8950874	8963796	havana
1	26605065	26654311	coro2aa
1	40057412	40086978	havana
1	40095123	40102836	cntf
1	2301958	2444210	FARP1
1	594584	608247	jam2a
1	59520300	59522571	havana
1	56130222	56176976	c3a.1
1	53391345	53407463	elmod2
1	34295925	34297403	kctd12.2
1	52203009	52210950	pld6
1	50538839	50557030	pkd2
1	29167321	29168495	havana
1	44360973	44363210	havana
1	54908895	54931913	golga7ba
1	45149844	45157243	havana
1	2331637	2334254	havana
1	34321574	34335752	havana
1	12848061	12853263	havana
1	10003193	10033113	ensembl_havana
1	19649545	19665774	tmem192
1	12931446	12937089	havana
1	13002978	13003067	havana
1	52214895	52222989	cnn1a
1	13077467	13203911	havana
1	13087797	13089102	ensembl_havana
1	8974500	8977963	havana
1	44395976	44418225	unc93b1
1	44390470	44394499	timm10
1	29174195	29180648	havana
1	29178117	29179934	zgc:173948
1	59525648	59528626	havana
1	11711226	11733130	havana
1	29174504	29185227	ensembl_havana
1	45170046	45170652	havana
1	54934522	54947592	crtac1a
1	29183962	29202689	ensembl_havana
1	41478345	41484861	havana
1	46493944	46594288	MCF2L
1	8978908	8980665	havana
1	21576674	21599219	havana
1	52264131	52292235	ensembl_havana
1	19667947	19673900	apela
1	14497458	14506759	ensembl_havana
1	30977936	30979707	dlx2b
1	52392511	52396264	havana
1	18642117	18772311	TBC1D1
1	16073887	16220235	tusc3
1	8984068	8988504	tlr2
1	34365845	34450784	lmo7b
1	26660369	26664840	anp32b
1	40107811	40115242	ensembl_havana
1	10037444	10048514	rnf175
1	52398205	52400660	havana
1	19689749	19694720	havana
1	19708508	19756359	ensembl_havana
1	157793	167398	cul4a
1	610082	614638	atp5pf
1	54948059	54958463	ensembl_havana
1	16393077	16394814	fgf20a
1	59533317	59539898	sp6
1	41487339	41492776	havana
1	59542001	59542908	havana
1	45173421	45177401	zgc:111983
1	11736420	11737595	havana
1	44421920	44434707	cryba1l2
1	52429810	52431220	zgc:194101
1	50566256	50590626	abcg2d
1	16396870	16458257	MICU3
1	54960189	54972236	khsrp
1	31019165	31064706	itga6b
1	40116572	40140424	havana
1	6957096	6990027	havana
1	53454741	53468160	zgc:66455
1	7063837	7063943	havana
1	25322445	25370281	trim2a
1	11781544	11850353	ttyh3b
1	7189856	7448795	ERBB4
1	37312580	37362246	fam193a
1	16460124	16461398	havana
1	19759370	19764038	tma16
1	41498188	41530541	ensembl_havana
1	9004719	9064912	prkcba
1	26667872	26671210	havana
1	21610471	21714025	zcchc7
1	49435017	49481173	pdcd11
1	2446996	2453185	ggact.3
1	2450140	2453174	ggact.2
1	26676758	26700439	ensembl_havana
1	19764995	19802602	fnip2
1	41588071	41593446	havana
1	19787281	19788211	havana
1	26670828	26676391	trmo
1	52433847	52437056	ensembl_havana
1	56180416	56184928	crb3b
1	44439661	44448387	crybb1l2
1	40140498	40146782	zgc:152658
1	40148193	40150415	zgc:194443
1	23297623	23308308	smim14
1	19808408	19819096	ensembl_havana
1	53475074	53476758	b3gnt2a
1	53490669	53504603	commd1
1	52441080	52443379	ensembl_havana
1	54974191	54997746	ensembl_havana
1	16463079	16480213	vps37a
1	55007272	55008882	zgc:136864
1	56188094	56213860	ensembl_havana
1	55002583	55007223	ensembl_havana
1	52446149	52447364	si:ch211-217k17.10
1	55006945	55044371	vps54
1	25399514	25438934	ensembl_havana
1	52452010	52461322	ccdc86
1	7517449	7539716	lancl1
1	37372919	37377509	ensembl_havana
1	11854710	11878845	iqce
1	46598502	46617283	cab39l
1	7556965	7561222	pcnp
1	41596099	41606109	havana
1	46617006	46632966	cdadc1
1	50594175	50611031	ppm1kb
1	2454094	2457546	ggact.1
1	617620	656693	appa
1	45205920	45215343	ddx39aa
1	9082417	9091935	ensembl_havana
1	53515089	53535565	havana
1	21721651	21723329	havana
1	9100447	9114936	ensembl_havana
1	37379063	37383741	scpp1
1	29211540	29228393	irs2a
1	9113630	9115034	havana
1	9105039	9109699	havana
1	7538909	7554463	mylz3
1	40156907	40177693	havana
1	21725821	21815554	pax5
1	2704604	2714275	havana
1	19835803	19845539	grhprb
1	4237208	4250283	havana
1	52462068	52478746	glb1
1	29267841	29271473	lig4
1	56217388	56223913	zgc:65894
1	11881559	11900420	SNX8
1	5273481	5277583	spry2
1	53657337	53685090	XPO1
1	41609254	41620873	mogs
1	37391141	37419873	sparcl1
1	10051763	10059496	fgb
1	23311617	23322969	ube2kb
1	16484211	16507812	mtmr7b
1	55044658	55068941	ensembl_havana
1	26701610	26702992	ensembl_havana
1	5354489	5394791	ndfip2
1	44491077	44495902	rtn4rl2a
1	50613868	50637221	havana
1	29311527	29312559	havana
1	29323374	29326948	havana
1	29281764	29391034	NALF1
1	1313605	1315753	havana
1	1599979	1614500	urp2
1	34496855	34558804	klf12a
1	40186407	40189893	havana
1	40199074	40201140	si:ch211-113e8.5
1	31071708	31105376	ensembl_havana
1	41666611	41755499	FBXO41
1	44534625	44536218	havana
1	25442699	25486571	arfip1
1	26740718	26782573	sh3gl2a
1	44523516	44566433	zdhhc5a
1	40210840	40227166	TESK1
1	34593490	34685007	KLF5
1	9118100	9123465	ndufab1a
1	45217425	45282774	EVI5L
1	34616054	34685329	pibf1
1	55080797	55089987	lgalsla
1	37697373	37701128	havana
1	1618994	1631399	ensembl_havana
1	49481203	49498116	zgc:175214
1	45316063	45320126	havana
1	29444452	29445719	havana
1	29451465	29452733	havana
1	16548733	16619858	ensembl_havana
1	52481332	52486995	cldnd1b
1	53686995	53700392	FAM161A
1	49501171	49505449	CALHM1
1	21861387	21881818	melk
1	41770842	41817784	rnf24
1	10063501	10071539	fga
1	29507647	29508473	havana
1	29515160	29519002	havana
1	11902579	11973341	grk4
1	29608128	29653472	cckbra
1	50639416	50691538	herc3
1	37701261	37704183	havana
1	5402476	5419116	tuba8l2
1	29653947	29658721	havana
1	31110817	31130222	eef1a1b
1	23323002	23370618	pds5a
1	45332641	45341851	f8a
1	9125023	9134045	havana
1	52489962	52498146	acy3.2
1	49510209	49512544	ITPRIP
1	1689775	1706159	atp1a1a.4
1	58491504	58505626	havana
1	53714734	53730536	pus10
1	29664336	29743640	raph1b
1	29743442	29747702	spp2
1	52499412	52505279	acy3.1
1	44569282	44581937	tmx2b
1	53701801	53714885	cct4
1	45341934	45347393	havana
1	56229674	56266731	c3a.2
1	45323142	45330451	emp1
1	52495043	52510756	havana
1	18779168	18803919	pgm2
1	5422439	5434261	stk16
1	19849168	19886389	UBA6
1	10118455	10124192	lratb.2
1	10110203	10119029	LRAT
1	25491324	25496133	sfrp2
1	10074343	10114016	ensembl_havana
1	26821963	27014935	ensembl_havana
1	41849152	41865986	smox
1	49514224	49521411	zp3c
1	31141317	31144527	havana
1	31288536	31296246	havana
1	31134942	31350148	ensembl_havana
1	25555725	25557930	havana
1	37752171	38132612	galntl6
1	25624758	25648568	havana
1	11977426	11994710	tspan5b
1	46635236	46650041	rcbtb1
1	55095314	55109914	aftpha
1	58508790	58526999	havana
1	44582369	44591489	med19b
1	21893289	21909608	havana
1	50794669	50838160	zgc:154142
1	29759678	29764060	cpb2
1	58535306	58537356	zgc:172091
1	49525096	49530615	herc56.4
1	29750937	29761086	alg11
1	34695373	34706903	gtf2f2a
1	18810891	18811517	tmsb5
1	25650917	25666604	plrg1
1	38169512	38171787	hmgb2a
1	34685405	34694365	gpalpp1
1	38142354	38170906	galnt7
1	9144958	9145896	rasd3
1	34707932	34713868	tpt1
1	27023687	27212459	bnc2
1	50847783	50859054	havana
1	10127163	10137776	rbm46
1	44591492	44638058	slc43a1b
1	21937201	21971913	kdm4c
1	55112801	55118745	havana
1	12009673	12044390	slc24a2
1	16621345	16654161	pcm1
1	46652615	46654528	arl11
1	50921266	50929957	otx2a
1	49532662	49544601	herc56.3
1	46660213	46663997	ebpl
1	10221568	10235337	npy2rl
1	41886830	41924484	ensembl_havana
1	58544659	58562129	slc27a1b
1	55124296	55131439	rab1aa
1	10270247	10272725	havana
1	18811679	18816806	slc25a51a
1	31508739	31516112	cenpk
1	53735195	53756851	ensembl_havana
1	27530825	27542119	havana
1	18841462	18849029	zgc:195282
1	10297027	10304044	eif3f
1	27713349	27733179	havana
1	9153141	9161843	plk1
1	41949303	41950304	havana
1	19930520	19989584	ensembl_havana
1	9157310	9162637	havana
1	50968908	50990889	mdh1aa
1	44651727	44704261	ensembl_havana
1	46666696	46706639	kpna3
1	31519239	31520972	havana
1	12046544	12048509	havana
1	55137943	55145085	mb
1	41957210	41982582	ADRA1D
1	7562316	7570181	mxa
1	38193147	38195012	hand2
1	58563957	58573646	havana
1	18863060	18933671	ensembl_havana
1	25669799	25679383	fgg
1	31531990	31534089	lbx1b
1	53842344	53863308	ifngr1
1	38346043	38361496	fbxo8
1	49547045	49558223	herc56.2
1	45351890	45366422	si:ch211-243a20.3
1	31573225	31598417	slc2a15b
1	20063502	20068155	mettl14
1	56274613	56320569	c3a.3
1	27738647	27743985	havana
1	12049229	12058439	saraf
1	12061284	12064799	pla2g12a
1	58580412	58592866	ensembl_havana
1	42776553	42779075	LRRTM1
1	42281308	42289744	havana
1	10318077	10325025	pip4p1b
1	9169807	9195760	ensembl_havana
1	42224769	43039672	ctnna2
1	27808916	27861148	pspc1
1	23372470	23396454	n4bp2
1	10305611	10315206	zgc:77880
1	25696798	25698039	lrata
1	16654254	16665044	asah1b
1	55161083	55166611	pane1
1	23398405	23398992	rhoh
1	53865677	53880639	ltv1
1	20069535	20141844	PRSS12
1	29766725	29797907	zc3h13
1	45372562	45553602	grin2bb
1	31654203	31657854	dpcd
1	27867706	27894817	dnajb14
1	38362348	38374799	cep44
1	31638274	31669901	fgf8b
1	31657842	31672343	poll
1	25709813	25711803	havana
1	25719891	25721702	si:dkey-30k22.5
1	25732715	25733867	NPY2R
1	20147222	20273227	NDST4
1	58593247	58601636	ensembl_havana
1	50997156	51015627	ugp2a
1	25737767	25749888	map9
1	58601680	58606490	ensembl_havana
1	22002649	22235421	DNAH6
1	55169130	55183088	zgc:158803
1	18965750	19066327	limch1a
1	55191150	55210619	mri1
1	12065156	12068520	havana
1	16673841	16689023	frg1
1	25783801	25799051	gucy1a1
1	46710647	46718353	spryd7a
1	20481109	20553129	havana
1	34743459	34748322	ensembl_havana
1	12068800	12097818	xpa
1	55239160	55247253	ensembl_havana
1	17330495	17361155	havana
1	20593653	20607152	havana
1	20556067	20593778	ugt8
1	23406403	23417937	CHRNA9
1	34748695	34750169	havana
1	56344651	56363108	ensembl_havana
1	10336681	10347307	FRMD7
1	9199031	9227204	chtf18
1	12105901	12126625	mttp
1	9227081	9228007	gng13a
1	51021279	51038885	spast
1	31674297	31699955	wbp1lb
1	19074326	19079957	phox2ba
1	46725808	46743552	havana
1	46837849	46875493	agpat3
1	56801021	56805426	havana
1	34763539	34807059	zgc:172122
1	46827891	46845676	havana
1	46830809	46832880	dleu7
1	25801648	25841659	gucy1b1
1	29798140	29824375	tm9sf2
1	43652480	43684584	suclg1
1	55247370	55248496	nanos3
1	23489269	23506534	havana
1	10462692	10473630	cnpy3
1	23506525	23557877	fam184b
1	10486093	10620459	trpc5a
1	56813845	56816695	havana
1	19083501	19092155	exosc9
1	10378706	10496809	dachb
1	56823437	56827882	havana
1	17465956	17466455	havana
1	17376922	17524922	fat1a
1	56830798	56834002	havana
1	35317354	35318209	havana
1	20635190	20706296	spock3
1	51039558	51042328	dpy30
1	56843411	56845476	havana
1	31706668	31722875	as3mt
1	56852400	56857465	havana
1	56859745	56864253	havana
1	55250107	55263740	havana
1	56873359	56878634	havana
1	35332924	35335416	havana
1	56886214	56893355	ensembl_havana
1	25848231	25851575	fabp2
1	22236489	22370660	ensembl_havana
1	31725154	31799359	CNNM2
1	22388799	22412042	chrnb3a
1	29831759	29860895	zic2b
1	35473219	35491005	USP38
1	23559478	23573230	ncapg
1	23573224	23596391	ensembl_havana
1	19094548	19112934	ensembl_havana
1	25862966	25863639	havana
1	56900580	56904810	havana
1	22427135	22428853	havana
1	56919742	56922160	havana
1	22481723	22512136	chrna6
1	56929873	56932578	havana
1	22542457	22594338	ensembl_havana
1	19122920	19237612	ptprdb
1	51048975	51062405	psen2
1	51066671	51073128	srd5a2a
1	51104984	51157660	jag1a
1	7956030	7961696	ensembl
1	58967210	58975098	ensembl
1	56463494	56468601	zgc:171452
1	54178703	54191626	NTHL1
1	14522913	14533611	ensembl
1	40724140	40752950	ensembl
1	57741577	57743393	ensembl
1	6307305	6329292	ensembl
1	50159645	50167792	ensembl
1	13930625	13952084	NOCT
1	10363720	10363851	5S_rRNA
1	33967157	33967273	5S_rRNA
1	58981985	58985885	thumpd1
1	22191952	22192067	5S_rRNA
1	13957235	13989643	elf2b
1	58762742	58766424	ensembl
1	5798548	6028876	pard3ba
1	55997173	56032619	ensembl
1	58949548	58963395	ensembl
1	40181404	40208237	ensembl
1	57744400	57750367	ensembl
1	42277523	42277650	5S_rRNA
1	11659861	11668782	GNA12
1	57521361	57533548	tspan34
1	45768416	45768530	5S_rRNA
1	658405	669717	cyyr1
1	11380497	11380611	5S_rRNA
1	54115839	54118052	rln3b
1	58990121	59000239	ensembl
1	46722379	46722518	dre-mir-16b
1	30165953	30166065	dre-mir-740
1	2403103	2403224	5S_rRNA
1	35194454	35234700	sc:d189
1	39837656	39837783	5S_rRNA
1	56363884	56363974	dre-mir-722
1	11469536	11469650	5S_rRNA
1	59569516	59571785	wfikkn1
1	30227391	30227505	5S_rRNA
1	7801531	7801646	5S_rRNA
1	56595955	56596701	ensembl
1	2275605	2275742	ensembl
1	14417785	14426804	ensembl
1	12735920	12736034	5S_rRNA
1	16458525	16458741	ensembl
1	673163	681116	ADAMTS1
1	3298112	3298249	dre-mir-17a-1
1	43265123	43265241	5S_rRNA
1	14074307	14074375	U6
1	14723156	14723250	ensembl
1	1575483	1575563	dre-mir-459
1	58628165	58632064	ensembl
1	56533355	56537347	ensembl
1	15258641	15285455	pi4k2b
1	28624186	28629471	ednrba
1	56413733	56419277	ensembl
1	56779495	56786921	ensembl
1	59163060	59169815	ensembl
1	200294	206208	adprhl1
1	14163506	14234076	camk2d2
1	56447107	56458037	ensembl
1	58857088	58868306	ensembl
1	8579197	8586066	ensembl
1	48256950	48490034	ensembl
1	14672440	14694809	ensembl
1	7918795	7918882	ensembl
1	59555936	59567685	ensembl
1	45644345	45647846	ensembl
1	58912051	58913813	mfap4.4
1	58735326	58744037	ensembl
1	14744645	14744739	ensembl
1	56546605	56548178	ensembl
1	14348399	14364710	crmp1
1	39513741	39513857	5S_rRNA
1	47914095	47914209	5S_rRNA
1	16768683	16768809	5S_rRNA
1	56253961	56254076	5S_rRNA
1	36154261	36154377	5S_rRNA
1	1218691	1218805	5S_rRNA
1	39609833	39609950	5S_rRNA
1	14593705	14593798	ensembl
1	57787642	57793729	ensembl
1	14701736	14701830	ensembl
1	56036644	56080165	c3a.6
1	24825147	24825263	5S_rRNA
1	56553900	56556326	ensembl
1	57147219	57147335	5S_rRNA
1	15623961	15797663	SGCZ
1	32706109	32706227	5S_rRNA
1	15293531	15329277	DLC1
1	51683519	51683618	U6
1	14020445	14026780	hpf1
1	41125286	41125402	5S_rRNA
1	42094624	42094739	5S_rRNA
1	14372680	14373891	DRD5
1	4210498	4210652	5_8S_rRNA
1	14515445	14515539	ensembl
1	9197859	9197966	U6
1	218524	225137	TMCO3
1	961607	970951	n6amt1
1	54186039	54186156	5S_rRNA
1	227241	243798	tfdp1b
1	9071324	9074479	ensembl
1	26012668	26045715	ensembl
1	48581374	48615105	ensembl
1	56755536	56760851	ensembl
1	14466860	14488074	ensembl
1	24114525	24114558	5S_rRNA
1	11062524	11062647	5S_rRNA
1	52754085	52763447	ensembl
1	13782930	13783046	5S_rRNA
1	39985905	39986160	RNase_MRP
1	41601035	41601152	5S_rRNA
1	3298006	3298088	dre-mir-18a
1	14716016	14716110	ensembl
1	15226268	15257315	HGSNAT
1	26350526	26350641	5S_rRNA
1	691738	714626	adamts5
1	208181	214911	dcun1d2b
1	15137901	15203357	ensembl
1	53764107	53764223	5S_rRNA
1	22521212	22521326	5S_rRNA
1	6787690	6787804	5S_rRNA
1	46945027	46945143	5S_rRNA
1	14648999	14649069	ensembl
1	43224477	43224591	5S_rRNA
1	58870054	58880613	ensembl
1	56502706	56529192	ensembl
1	34954697	35113974	ensembl
1	58922027	58935898	TRIP10
1	15204633	15224338	itln1
1	14454663	14464020	rbpja
1	31374751	31505144	ensembl
1	160302	201004	ensembl
1	23261857	23292761	ensembl
1	54124209	54126428	ensembl
1	36188184	36218748	ensembl
1	56714284	56717813	ensembl
1	32513989	32514104	5S_rRNA
1	55264712	55275813	ensembl
1	16932586	16932801	U3
1	43985417	43987873	ensembl
1	14253118	14254166	ensembl
1	34122880	34122972	dre-mir-734
1	3297603	3297755	dre-mir-20a
1	59353230	59360114	ensembl
1	54282042	54425791	ensembl
1	14382584	14404555	fip1l1b
1	59192197	59216197	lpar2b
1	8001435	8012476	ensembl
1	59062603	59065948	pin1
1	53221858	53271128	ensembl
1	22842935	22873915	ensembl
1	33735018	33735134	5S_rRNA
1	57497959	57501299	zgc:171470
1	59015237	59021796	ears2
1	14337211	14337313	ensembl
1	41311777	41311892	5S_rRNA
1	16941215	16941430	U3
1	34712513	34712583	SNORD58
1	14767576	14767670	ensembl
1	3297367	3297451	dre-mir-92a-1
1	37123642	37123772	5S_rRNA
1	12431328	12431442	5S_rRNA
1	7142039	7142143	U6
1	14073891	14158563	ensembl
1	58840889	58850686	tmed1b
1	52121918	52167509	ensembl
1	54198893	54274861	TSC2
1	46500436	46505310	si:busm1-105l16.2
1	2712956	3036019	gpc6a
1	10870117	10870241	5S_rRNA
1	7920119	7920206	ensembl
1	57163027	57163141	5S_rRNA
1	25120089	25120205	5S_rRNA
1	44590267	44590381	5S_rRNA
1	576444	576521	dre-mir-155
1	38151262	38170575	ensembl
1	35949269	35954313	ensembl
1	58977262	58979451	eri2
1	1050941	1051057	5S_rRNA
1	59064686	59065217	ensembl
1	50773727	50791280	ensembl
1	4101741	4154332	slitrk6
1	42974760	42974875	5S_rRNA
1	54154230	54158902	ensembl
1	13260809	13271569	pcdh18a
1	56768263	56769327	ensembl
1	58677434	58681545	ensembl
1	16162104	16162220	5S_rRNA
1	44374034	44413629	ensembl
1	14432434	14442902	slc34a2a
1	18234470	18315145	ensembl
1	38416106	38538284	glra3
1	21254353	21254482	5S_rRNA
1	16937418	16937633	U3
1	34711932	34712003	SNORD58
1	19705699	19705832	5S_rRNA
1	14406098	14416435	chic2
1	47706127	47706244	5S_rRNA
1	22677429	22678471	ensembl
1	6453404	6453519	5S_rRNA
1	39373802	39373911	dre-mir-2197
1	54194801	54199090	ensembl
1	12543359	12543475	5S_rRNA
1	34696503	34727517	ensembl
1	44056129	44064229	ensembl
1	57486529	57486644	5S_rRNA
1	58898124	58900933	MFAP4
1	59131292	59131406	5S_rRNA
1	57620964	57629639	ensembl
1	7919480	7919567	ensembl
1	14673777	14673871	ensembl
1	14313850	14332283	WFS1
1	176583	182258	LAMP1
1	23751099	23751213	5S_rRNA
1	14560391	14560485	ensembl
1	14658801	14660280	ensembl
1	52735484	52736125	ensembl
1	7988052	7989314	ensembl
1	14257158	14258409	ensembl
1	59123750	59124505	ensembl
1	47897269	47897385	5S_rRNA
1	34400240	34400354	5S_rRNA
1	16927724	16927939	U3
1	14694561	14694655	ensembl
1	55452892	55453752	ensembl
1	34708497	34708627	ensembl
1	32013688	32014487	ensembl
1	23866878	23866965	dre-mir-218a-2
1	14737470	14737564	ensembl
1	38858399	38859425	ensembl
1	32791920	32793644	ensembl
1	54137089	54146461	TNPO2
1	37996459	37996577	5S_rRNA
1	58527632	58527756	5S_rRNA
1	16939166	16939381	U3
1	14639582	14639676	ensembl
1	13875805	13875921	5S_rRNA
1	1362932	1402303	runx1
1	50854364	50854478	5S_rRNA
1	16935395	16935611	ensembl
1	21680364	21680478	5S_rRNA
1	16935396	16935611	U3
1	14708876	14708970	ensembl
1	3759924	3760034	5S_rRNA
1	33001559	33001673	5S_rRNA
1	184915	192033	grtp1a
1	6243906	6272146	gtf3c3
1	44507134	44507253	5S_rRNA
1	49590701	49590823	5S_rRNA
1	34668236	34668351	5S_rRNA
1	3297848	3297936	dre-mir-19a
1	46722622	46722705	dre-mir-15a-1
1	3100244	3295045	gpc5a
1	16458525	16458740	U3
1	53568296	53625142	USP34
1	55128465	55128579	5S_rRNA
1	56421754	56435182	slc25a10b
1	58885602	58887610	MFAP4
1	59338175	59348118	cyp3a65
1	53387765	53387881	5S_rRNA
1	14553221	14553315	ensembl
1	25585	27255	ensembl
1	552275	558260	ensembl
1	59328030	59335940	ensembl
1	54411669	54420133	ensembl
1	56519163	56519279	5S_rRNA
1	51465468	51465582	5S_rRNA
1	41269773	41269887	5S_rRNA
1	3297484	3297570	dre-mir-19b
1	55215787	55238610	CC2D1A
1	45958904	46020725	arhgef7b
1	50694971	50710468	FAM13A
1	960209	999556	gart
1	59007536	59014053	cdc37
1	58639497	58664854	ensembl
1	28594809	28607353	ensembl
1	37363872	37363990	5S_rRNA
1	34711138	34711271	ensembl
1	16930156	16930372	ensembl
1	59172744	59176949	CAMSAP3
1	14283692	14306838	ppp2r2ca
1	5078371	5078488	5S_rRNA
1	30244531	30244645	5S_rRNA
1	14730296	14730390	ensembl
1	59125767	59126139	ensembl
1	16937417	16937633	ensembl
1	1350111	1352997	ensembl
1	3305549	3330435	ensembl
1	4598060	4680477	ensembl
1	7092273	7115914	ensembl
1	7771557	7844362	ensembl
1	9308271	9321931	ensembl
1	12552300	12679517	ensembl
1	13373950	13678213	ensembl
1	13596298	13604379	ensembl
1	14565965	14655613	ensembl
1	15355857	15498152	ensembl
1	18002567	18004302	ensembl
1	18061682	18063637	ensembl
1	38263693	38324035	ensembl
1	38928636	39022832	ensembl
1	40663536	40671733	ensembl
1	40683491	40692718	ensembl
1	40693323	40705186	ensembl
1	40716379	40723634	ensembl
1	43940902	43943154	ensembl
1	43952298	43953627	ensembl
1	44968462	44972926	ensembl
1	45307161	45313876	ensembl
1	46039237	46153200	ensembl
1	50737700	50766309	ensembl
1	52353162	52363107	ensembl
1	54159959	54173322	ensembl
1	56638671	56645732	ensembl
1	56671781	56693370	ensembl
1	59395119	59402710	ensembl
1	59423277	59429240	ensembl
1	59430489	59434221	ensembl
1	59436255	59437599	ensembl
1	59451692	59481467	ensembl
1	59454067	59492590	ensembl
