4.35713128311733	0	retina	pcbp4	0.888	7.86725663716814
4.40374610925079	0	retina	znf385a	0.7	17.0975609756098
4.49346795057617	0	retina	ephb6	0.666	16.2682926829268
2.80092704563687	0	retina	smad1	0.801	4.03015075376884
4.4324727641356	0	retina	rorb	0.63	16.6052631578947
4.19107717247067	0	retina	rx1	0.576	16.9705882352941
3.86503879742269	0	retina	tbx2b	0.554	13.5365853658537
3.54565636933351	0	retina	rorab	0.569	9.5
5.4479164655567	0	retina	vsx2	0.494	29.1176470588235
4.10814399976138	0	retina	tbx2a	0.4	16.04
4.55449980742184	0	retina	rx2	0.362	20.1666666666667
4.36012059866163	0	retina	AL935115.1	0.349	16.6666666666667
3.81453036553995	6.25197156813563e-293	retina	tbx3a	0.374	12.9310344827586
6.68562941714513	6.96763913802619e-291	retina	tbx5a	0.248	62.25
2.55978989722879	1.16539731984795e-273	retina	ppargc1b	0.66	4.13125
2.14607628937002	3.01194075266857e-270	retina	pax6b	0.742	3.69651741293532
4.3770236306708	5.64715680039959e-246	retina	zgc:110045	0.267	20.6153846153846
4.09929485572916	2.93836393367037e-243	retina	cdh4	0.36	9.25641025641026
2.35266854898784	9.63413061350477e-228	retina	col15a1b	0.569	4.41860465116279
3.46163655655407	2.15428620155712e-226	retina	cx43	0.327	10.25
3.38938575308371	3.8335054709409e-225	retina	bambia	0.377	7.71428571428571
4.22048158689746	1.53931113488651e-220	retina	zgc:110045.1	0.243	20.3333333333333
3.30189096895956	5.78423702791113e-196	retina	rorcb	0.304	9.24242424242424
3.33627195672054	3.25651513253232e-191	retina	itgb8	0.296	9.28125
4.22982467023267	3.04992718464605e-184	retina	has2	0.209	19.0909090909091
4.51896943971066	6.78742812216595e-178	retina	slc6a6b	0.197	19.8
1.93990551440081	6.09257717001864e-176	retina	pdzrn3b	0.607	3.34065934065934
1.21890453852392	2.84583331513446e-175	retina	cdon	0.903	2.00888888888889
3.12818229256491	2.76940498426876e-174	retina	LRRTM4.1	0.312	7.27906976744186
1.84441505626338	9.89688727276594e-172	retina	foxn3	0.605	3.25806451612903
2.89472548942077	1.51995278547209e-167	retina	epha3	0.617	2.5643153526971
5.61838896074052	9.40266375420615e-167	retina	aldh1a2	0.17	24.4285714285714
4.29201737078845	1.6917126831421e-162	retina	gfra2a	0.205	13.7333333333333
6.31141348643627	7.43684883801347e-162	retina	tbx5b	0.145	48.6666666666667
2.37633355356728	7.02185839787556e-161	retina	dachd	0.39	4.8875
1.51395150104048	2.13536647078474e-152	retina	sdk1b	0.748	2.25602409638554
1.28249288762488	2.06943898613807e-149	retina	rxraa	0.552	3.43478260869565
2.05105742686017	1.10711728066007e-147	retina	dclk2a	0.489	3.60294117647059
2.99000753872181	1.75199839081298e-146	retina	myca	0.285	6.65116279069767
2.18724730953822	9.32755048693528e-141	retina	hmcn2.1	0.511	3.1030303030303
3.1795252685603	3.04039343198415e-135	retina	ahr1b	0.213	9.30434782608696
1.31680816524377	7.78867941348944e-133	retina	lhx2b	0.555	3.30952380952381
1.98688647228237	1.51004603228396e-132	retina	dnmt3bb.1	0.454	3.5546875
6.20288684934692	1.80231565119885e-132	retina	tbx4	0.129	32.5
3.1736120500897	8.16120399380194e-131	retina	hmx4	0.196	10.3684210526316
1.26401305578538	2.40406461524074e-130	retina	nop56	0.85	1.59662288930582
2.27966800492916	4.05359753124275e-129	retina	trpm1b	0.266	6.51219512195122
4.0274756463455	1.53986134283024e-126	retina	cacng2a	0.176	11.0625
2.87079439329431	2.89950435478247e-121	retina	adamts9	0.284	5.27777777777778
1.75693865371003	3.70982392720614e-121	retina	sdk2b	0.43	3.6218487394958
1.71507152982101	4.53197789310658e-119	retina	bmp7b	0.322	4.82089552238806
2.04290528813764	6.87998450059631e-118	retina	mab21l1	0.362	4.17241379310345
2.65539473939713	9.29229786563221e-118	retina	znf385b	0.272	5.46
1.51787938475148	1.61474877049685e-114	retina	vezf1a	0.689	1.97142857142857
1.52415499941222	6.06230428244846e-113	retina	efnb3a	0.599	2.41935483870968
2.53387409620869	3.1352958394555e-110	retina	six3b	0.255	5.56521739130435
3.72233042106894	3.91924013204276e-110	retina	hmx1	0.152	11.7692307692308
2.57754932297608	4.57910226510613e-110	retina	pnpla6	0.283	4.89655172413793
1.05295412366711	5.92777730920298e-110	retina	hs6st1a	0.863	1.66795366795367
2.60223733378466	1.0090634710315e-109	retina	svila	0.228	6.36111111111111
2.28221951782792	1.24103140103597e-109	retina	alpl	0.351	3.91111111111111
1.83386848314958	1.77064979724472e-109	retina	samd11	0.381	3.70873786407767
1.41843884077758	4.99486150568398e-109	retina	mab21l2	0.52	2.91061452513966
2.34586386755627	1.09546637546113e-108	retina	sema3ab	0.251	5.6
1.6517255840839	1.93276404314265e-108	retina	EPB41L2	0.553	2.48430493273543
2.13798268303386	5.72638535004199e-107	retina	pcdh15a	0.259	5.30612244897959
2.09697513417053	6.52093867705493e-105	retina	ghra	0.363	3.67676767676768
1.05536868959973	1.75401290520577e-102	retina	mllt3	0.385	3.67619047619048
2.15380213862993	4.65612865485935e-101	retina	ccdc85cb	0.295	4.35294117647059
1.28378795046388	3.95124217663888e-100	retina	efna5a	0.668	2.090625
2.10458290880222	4.3816428689173e-100	retina	ddx31	0.347	3.625
1.23856122387947	4.74032812680731e-100	retina	bop1	0.704	1.98033707865169
4.85731544367292	7.98947977879269e-100	retina	aqp9b	0.109	22
5.16051007186503	2.99993061183617e-99	retina	acyp2	0.103	26
1.78382175844583	5.48622897606994e-99	retina	pprc1	0.411	3.1937984496124
1.2717434478256	1.3986709416788e-96	retina	mybbp1a	0.668	1.9792899408284
1.12176557265023	2.80206009954444e-96	retina	pwp2h	0.777	1.74831460674157
2.11873266148248	9.66817983429899e-95	retina	ephb2a	0.302	4.04
2.00161579236965	1.43172792065794e-94	retina	BX537274.1	0.31	3.98717948717949
1.38398020382349	3.36886372754318e-92	retina	eif4a2	0.575	2.28571428571429
1.24884030028993	5.32237381800845e-91	retina	nr2e1	0.435	3.11428571428571
1.58201887010394	1.12027668731543e-89	retina	stra6	0.365	3.32727272727273
1.68718477380582	1.01237790706921e-88	retina	igf2bp2a	0.419	2.91666666666667
1.41033236798761	2.02969536168201e-88	retina	si:dkey-12j5.1	0.574	2.19465648854962
1.33912513390721	1.30118283452283e-87	retina	ptprga	0.597	2.1056338028169
1.26446636105315	5.99605823379118e-87	retina	arid5b	0.627	2.06578947368421
1.39672475692443	7.82820853019604e-85	retina	mycn	0.541	2.28691983122363
1.27890099099092	9.81920761117021e-85	retina	epha4b	0.71	1.56953642384106
2.33316683675055	1.79506222319163e-83	retina	dlc	0.182	6.1
0.813760125423119	3.65218293703238e-83	retina	epha7	0.832	1.67943548387097
1.24475790995008	1.2627422384388e-82	retina	cad	0.607	2.08219178082192
1.35505140343317	2.24109616277538e-80	retina	bmpr1aa	0.581	2.04929577464789
1.13324054449452	2.73669511926464e-80	retina	ncl	0.695	1.76649746192893
1.7094405606054	1.07505262465884e-79	retina	sema4ba	0.379	2.94573643410853
3.2281361467922	1.21483388130424e-79	retina	cxxc4	0.139	8.23529411764706
1.23898848854042	2.07901360752084e-79	retina	larp1b	0.597	2.02027027027027
1.76101119694219	2.35994507357498e-79	retina	brf1a	0.328	3.32323232323232
2.27436417569321	4.24024361148992e-79	retina	plcl2	0.238	4.34545454545455
1.49031253518774	1.61111186708403e-78	retina	si:dkey-239h2.3	0.468	2.4300518134715
1.42454709417836	1.90473037626688e-78	retina	pho	0.464	2.48663101604278
1.24267345332293	3.1737044069041e-76	retina	rbm28	0.618	1.91640866873065
1.40776645138213	7.6189579497127e-76	retina	ttc27	0.484	2.35436893203884
1.31954745437665	5.06347033395991e-75	retina	suclg2	0.547	2.140625
4.52619593588353	1.50600892254953e-73	retina	wfdc1	0.083	16.8
1.72299238794424	3.80370552453522e-73	retina	si:ch1073-170o4.1	0.318	3.22222222222222
4.15483289487809	3.24122910589974e-72	retina	crip3	0.091	15.3333333333333
1.24923314551143	1.11106428761581e-70	retina	BX908388.3	0.444	2.55747126436782
1.21017935559595	3.21916307862949e-70	retina	polr1a	0.542	2.06463878326996
1.82236972144431	4.34894118052321e-70	retina	CU855930.2	0.335	2.92173913043478
1.40366631559021	2.53810873226629e-68	retina	lhx9	0.254	3.80597014925373
1.76674661410658	7.11132213296484e-68	retina	lrrfip1a	0.31	3.11
4.50570219657046	1.37287077027929e-66	retina	si:dkey-31j3.11	0.079	16
1.24633104791262	7.91114031350071e-66	retina	dnmt3ba	0.578	1.8983606557377
1.11446372079826	2.09128615583254e-65	retina	ctps1a	0.619	1.86746987951807
1.44141358667059	2.18098240600922e-64	retina	ece2a	0.391	2.52903225806452
1.44107030383841	2.71436791207425e-64	retina	ENSDARG00000101869	0.373	2.63380281690141
3.20075786539118	4.59540943948237e-64	retina	cacnb2b	0.107	9
2.0789842380936	1.03478866704496e-63	retina	entpd6	0.242	3.62686567164179
1.4435476670321	4.14625901218696e-63	retina	arntl1b	0.38	2.59183673469388
1.77807601569234	4.19573796627019e-63	retina	atp1b3b	0.274	3.27380952380952
0.911197967231598	4.94333476634325e-63	retina	ddx18	0.741	1.58208955223881
1.29749202722074	5.17124429777175e-62	retina	si:dkey-154b15.1	0.442	2.33157894736842
2.51699748505671	1.18626901000789e-61	retina	ENSDARG00000075140	0.148	5.51851851851852
1.48351035946904	1.70991338673981e-61	retina	ahcy	0.382	2.51973684210526
1.21139642060388	2.02307803079953e-61	retina	pum3	0.501	2.11814345991561
1.10880219189328	3.10000681578226e-61	retina	dkc1	0.549	2
1.6463992596866	1.58911477529412e-60	retina	eif4ebp3l	0.319	2.83185840707965
1.41674290957429	1.67569192200829e-60	retina	rrp8	0.384	2.51633986928105
4.15901063319381	1.68541130134475e-60	retina	si:ch73-274k23.1	0.078	13.1666666666667
0.254882985806823	4.13880955061607e-60	retina	fgfrl1a	0.645	2.125
1.06043959268749	2.695558730161e-59	retina	gmps	0.617	1.77586206896552
1.30875252974935	9.13513846302096e-59	retina	mdn1	0.43	2.28042328042328
1.44320930603819	2.31190713322971e-58	retina	rpia	0.351	2.62686567164179
0.457281957340835	3.46436582928254e-58	retina	pax6a	0.768	1.91770573566085
1.06352360583065	5.20531877387439e-58	retina	heatr1	0.599	1.81268882175227
1.26389527491549	1.67339667652977e-57	retina	hspa9	0.453	2.17224880382775
2.33158878444871	1.76048720336928e-57	retina	nfil3-5	0.153	5.13333333333333
0.937558209366789	1.80275923394444e-57	retina	sfrp1a	0.539	2.06106870229008
5.1035177943311	3.9241974314762e-57	retina	grk1b	0.062	21
4.01775358408636	9.6033423949171e-57	retina	vsx1	0.068	17.25
2.76233089076476	9.8986262894901e-57	retina	GRM7	0.11	7.4
2.69775810009455	2.4528478681181e-56	retina	rnf17	0.13	5.95454545454545
1.37977975136055	5.51288605554069e-56	retina	eef1da	0.379	2.43589743589744
0.886052720679153	1.66958240978985e-55	retina	foxp1b	0.722	1.58205689277899
1.43061388008073	1.6958143104811e-55	retina	camk2b1	0.378	2.4140127388535
1.51024938551347	5.98175992579261e-55	retina	mocs3	0.311	2.78571428571429
1.05073187693538	9.12748032323075e-55	retina	lrpprc	0.553	1.89078498293515
1.23406347308587	1.21958805968568e-54	retina	eef2a.1	0.419	2.29508196721311
3.364649560309	1.5251998459918e-54	retina	galnt18a	0.094	8.63636363636364
2.13028566977779	6.45679442642098e-54	retina	prkcz	0.189	3.87755102040816
0.93597314005048	1.80113535203688e-53	retina	si:ch211-13k12.2	0.637	1.67015706806283
1.11261242056261	2.19195848488183e-53	retina	npm1a	0.522	1.95880149812734
1.1272124717382	2.79476349948215e-53	retina	nop2	0.485	2.03347280334728
2.84040040914253	2.91865071641817e-53	retina	fip1l1a	0.111	6.58823529411765
2.5259177762765	1.63398698017221e-52	retina	gdf6a	0.134	5.19230769230769
1.45857956967922	3.4065219655386e-52	retina	mych	0.322	2.6260162601626
2.065551971079	3.52045022725325e-52	retina	ece1	0.195	3.69811320754717
2.07306692079119	7.87239089518766e-52	retina	nr1d2a	0.172	4.11904761904762
1.8938131177948	1.47316249262014e-51	retina	cpamd8	0.2	3.65454545454545
1.10091869608063	1.67004631172958e-51	retina	wdr36	0.518	1.92936802973978
1.11525026097355	3.38691484202969e-51	retina	ttyh3b	0.505	1.89513108614232
2.34299997998626	4.31463410512101e-51	retina	snai1b	0.137	5.11111111111111
1.20293817720955	4.37667489268434e-51	retina	slc16a6a	0.443	2.09433962264151
0.659889640692715	9.03641417361215e-51	retina	pcdh7b	0.482	2.16591928251121
1.34292989626767	4.96007517466993e-50	retina	msi2a	0.314	2.60330578512397
1.20840485887227	9.76284386872439e-50	retina	gnl3	0.426	2.15656565656566
1.75220309622842	1.57025120148126e-49	retina	syt1a	0.158	4.2972972972973
1.48501877815918	1.6825924814683e-49	retina	shq1	0.275	2.84536082474227
1.97798019500601	2.81336477195231e-48	retina	fam210ab	0.181	3.71428571428571
0.806833342951924	3.72329854000397e-48	retina	nap1l1	0.705	1.56888888888889
1.28438566599773	4.99534618600482e-48	retina	apoeb	0.429	2.03791469194313
2.39586458520776	5.24198475095307e-48	retina	smad9	0.124	5.20833333333333
1.54871430514856	8.91557667916159e-48	retina	pou2f2a	0.213	3.34375
1.43942673209208	9.20717401407531e-48	retina	apcdd1l	0.219	3.28358208955224
1.18366158319862	1.19273146505857e-47	retina	pes	0.387	2.26900584795322
1.93815850737684	1.40167181835105e-47	retina	shisa2a	0.155	4.21621621621622
1.00965582212481	2.12741228820057e-47	retina	asap1b	0.564	1.73312883435583
1.28403046669164	4.25612999853794e-47	retina	cluha	0.343	2.42253521126761
1.68325914173976	4.87355814932526e-47	retina	itgav	0.332	2.3125
0.92776777138521	5.61756535733158e-47	retina	slc38a5b	0.62	1.656
1.92501282553494	6.96236377668703e-47	retina	lmo4b	0.176	3.76595744680851
1.22828123270586	1.04051792152164e-46	retina	pcxa	0.377	2.26347305389222
1.48103070478283	1.12940218214473e-46	retina	slc7a3b	0.284	2.66355140186916
1.15441435026971	1.17521612226756e-46	retina	pbx1a	0.431	2.0377358490566
1.45225422915523	1.29822994949766e-46	retina	nap1l4a	0.294	2.58771929824561
1.04521880437242	4.0237716380994e-46	retina	noc2l	0.507	1.86080586080586
1.13390711158568	7.65063228254385e-46	retina	efl1	0.441	2.00909090909091
1.16618074556724	1.85403407106447e-45	retina	uck2b	0.4	2.17934782608696
1.1315834732763	1.1326711376063e-44	retina	urb1	0.444	1.98660714285714
3.70340476724971	2.01691432182005e-44	retina	foxg1b	0.057	14.5
1.01781656830571	2.0416970116014e-44	retina	coq8aa	0.492	1.88888888888889
1.07345971932223	4.26225285872061e-44	retina	ipo4	0.455	1.94871794871795
2.49875925413161	7.14677766346518e-44	retina	rnd1a	0.118	4.95833333333333
1.54712458942136	8.57241132324354e-44	retina	smyd2a	0.276	2.61320754716981
3.30953961618506	1.4269728946588e-43	retina	nr3c2	0.085	7.16666666666667
2.38350779699992	2.39440443139713e-43	retina	rx3	0.104	5.83333333333333
1.74854903154338	1.87056400143031e-42	retina	tjp2b	0.253	2.67368421052632
1.09745756621162	3.32109445418759e-42	retina	ddx27	0.459	1.89300411522634
2.28490759676178	5.01478502976568e-42	retina	foxd1	0.13	4.51724137931035
2.23824096598926	5.77820222116782e-42	retina	fzd5	0.114	5
1.46614025536889	8.07406218243792e-42	retina	arhgef10	0.242	2.82558139534884
2.51475897394231	1.15950722353791e-41	retina	pipox	0.105	5.3
2.22490465502654	2.15833927307511e-41	retina	CABZ01071903.1	0.119	4.8
3.25726102771695	6.2600857977981e-41	retina	si:ch211-204c21.1	0.076	7.7
1.11305200752654	6.75811833263498e-41	retina	pdcd11	0.43	1.95022624434389
1.13066021817906	7.20714658080632e-41	retina	si:dkey-102m7.3	0.377	2.16
1.3026944981655	7.50682134101122e-41	retina	alg3	0.332	2.28082191780822
1.21162361351924	3.71557899857169e-40	retina	wdr43	0.343	2.23376623376623
2.29718452425798	3.96871585416731e-40	retina	zgc:172215	0.123	4.42857142857143
2.45812847336686	7.11072265105662e-40	retina	cbsa	0.114	4.79166666666667
0.959937810062975	7.694690992194e-40	retina	nop58	0.494	1.85393258426966
1.15319924484416	1.30087461799287e-39	retina	rab11fip4a	0.461	1.82608695652174
1.40563737430222	5.66039930827632e-39	retina	pls3	0.241	2.71910112359551
0.937727370522094	5.88936137736215e-39	retina	clocka	0.542	1.69158878504673
2.71369062455118	6.09596977183264e-39	retina	CR974456.1	0.084	6.53846153846154
2.83729818738405	6.15494449002891e-39	retina	oct2	0.079	6.66666666666667
1.6814256737374	6.57564125412261e-39	retina	smad6a	0.199	3.03030303030303
0.905738062267012	1.02860602501901e-38	retina	id3	0.443	1.94736842105263
1.30422127238647	3.59713030117545e-38	retina	atl2	0.263	2.56310679611651
2.13897419426558	4.63194274742488e-38	retina	myb	0.138	3.97142857142857
1.26081883375362	6.38051062770631e-38	retina	prelid1a	0.291	2.39344262295082
1.65664963347902	7.41846497263278e-38	retina	cux2b	0.174	3.30188679245283
1.00086152303169	1.00468926709666e-37	retina	ppan	0.429	1.92825112107623
1.39179840497262	1.76696178968411e-37	retina	fsta	0.364	2.06214689265537
1.43931426513847	1.77850955929807e-37	retina	wdr3	0.229	2.7710843373494
1.77586013794233	2.5018028927275e-37	retina	fpgs	0.152	3.64285714285714
1.10628639279583	2.60907930523119e-37	retina	srprb	0.354	2.12574850299401
0.749124131138088	3.50104429918567e-37	retina	kpnb3	0.627	1.59796437659033
1.44941516668128	3.63182544908809e-37	retina	mbnl2	0.227	2.74698795180723
1.25286939870829	3.67962183403349e-37	retina	prps1a	0.322	2.19727891156463
0.940921548483122	5.95130712741989e-37	retina	tox2	0.521	1.65189873417722
1.54974762555025	8.01229390983145e-37	retina	mbnl3	0.192	3.015625
2.00743848760202	8.79324443429762e-37	retina	fam49bb	0.133	3.94117647058824
1.05425321616079	9.20454048847442e-37	retina	rbm19	0.428	1.89823008849558
1.6835269313263	1.26007346541857e-36	retina	hspd1	0.185	3.1
1.61568829888469	1.31291496782491e-36	retina	gxylt2	0.232	2.61797752808989
1.11580678354042	1.52810994174386e-36	retina	ddx51	0.342	2.17088607594937
1.0510969632383	1.56489338689321e-36	retina	nrip1b	0.428	1.88986784140969
2.04235927517359	1.62619339626264e-36	retina	prkn	0.128	4.03125
1.06379964773396	1.68023769292722e-36	retina	cadm3	0.407	1.97101449275362
2.25063514416775	1.76487985232538e-36	retina	nhsb	0.123	4.13333333333333
1.21794287594549	2.14310768390062e-36	retina	timm50	0.313	2.27536231884058
1.10862319381268	2.58463106255716e-36	retina	prmt3	0.378	2.02673796791444
1.22921078445209	3.88975659297873e-36	retina	elp4	0.295	2.3125
0.854438215668006	4.86574443655364e-36	retina	metap1	0.535	1.68553459119497
0.922173693504098	7.78338498929409e-36	retina	cited4a	0.47	1.82558139534884
2.33767453430008	7.80950127162432e-36	retina	iqgap2	0.104	4.77272727272727
0.941033702662712	1.0191697726158e-35	retina	thrab	0.426	1.94977168949772
1.28488631194961	1.78893278449603e-35	retina	tsr1	0.291	2.31746031746032
1.14391181305743	1.90627349229976e-35	retina	ldb2a	0.294	2.34126984126984
1.18933848358266	2.6396182909696e-35	retina	pot1	0.429	1.79916317991632
1.25637007721369	3.82752884872768e-35	retina	uprt	0.296	2.26717557251908
1.70069211023941	1.07235592757825e-34	retina	tfr1b	0.166	3.27450980392157
1.03020800927964	1.38022979909138e-34	retina	ttf1	0.418	1.89592760180995
1.27436796507773	2.06339760474199e-34	retina	nbeab	0.222	2.71951219512195
0.777465594638655	2.25626299496322e-34	retina	gpc4	0.549	1.67682926829268
1.14034395605821	3.53675387478437e-34	retina	nolc1	0.372	1.98404255319149
1.20536203836339	5.32556432425371e-34	retina	mthfd1b	0.309	2.19858156028369
2.14590957633358	6.16944356986719e-34	retina	grip2a	0.117	4.06896551724138
0.981359842326786	6.47678950523314e-34	retina	gtf3c2	0.398	1.96551724137931
2.08885343492107	7.42619327141662e-34	retina	acsl1a	0.118	4.10344827586207
0.928026158234894	8.47487305504637e-34	retina	eprs1	0.418	1.91324200913242
1.33450111817403	2.47769493123461e-33	retina	utp25	0.267	2.3304347826087
1.37642025178779	4.88092041996555e-33	retina	mthfd1l	0.228	2.60227272727273
1.13804214511165	4.98958679720635e-33	retina	rybpb	0.319	2.14765100671141
0.975177222704214	5.11379940019731e-33	retina	gtpbp4	0.428	1.84913793103448
1.39872862526918	1.23372936203752e-32	retina	ivns1abpa	0.148	3.46511627906977
0.887792748095884	1.45345511646645e-32	retina	mpp6a	0.493	1.73333333333333
1.38514129468061	1.62890642843802e-32	retina	aldh6a1	0.209	2.69230769230769
1.28801960074316	1.66591907959794e-32	retina	ip6k2b	0.252	2.40952380952381
1.25672799178429	2.07358229051937e-32	retina	calr3b	0.27	2.33620689655172
1.0334378386191	2.21501487566473e-32	retina	pa2g4a	0.37	1.97340425531915
0.609641490843669	2.81308920536039e-32	retina	slc29a1a	0.64	1.52983293556086
1.78545952494473	3.92900833052926e-32	retina	got2b	0.139	3.5
1.0354411696821	7.92077368151471e-32	retina	elmsan1b	0.318	2.14093959731544
1.37588226045519	8.07508081859552e-32	retina	gart	0.229	2.5
1.32725973836617	8.0761036070427e-32	retina	alox5b.3	0.238	2.4639175257732
1.4295887609844	1.41879442236509e-31	retina	slc7a1a	0.19	2.85074626865672
1.87294940045543	1.67364831940198e-31	retina	kcnq5a	0.135	3.48717948717949
1.59023781591225	1.80845696611681e-31	retina	AL928908.2	0.162	3.07547169811321
2.89788593260538	1.86854273279258e-31	retina	si:ch211-284e13.6	0.062	7
1.00004585470267	2.0357058416425e-31	retina	rrp12	0.384	1.925
1.0505680526735	2.29711021154354e-31	retina	mibp2	0.361	1.98901098901099
1.29132607812244	2.3396090099801e-31	retina	vcana	0.158	3.18
0.74907484311521	2.52728528771548e-31	retina	zcchc7	0.518	1.6741935483871
1.77158612434861	3.10482255755263e-31	retina	mybl1	0.15	3.21276595744681
0.945174938754241	3.36546389981493e-31	retina	metap2b	0.432	1.78189300411523
1.21792905245966	3.62663488836842e-31	retina	qtrt2	0.253	2.37383177570093
1.05842135723075	3.84321121317261e-31	retina	adcy6b	0.322	2.0974025974026
1.08917953726411	4.45267817644771e-31	retina	UTP14C	0.315	2.13513513513514
1.07859025434034	8.64477857073226e-31	retina	fbl	0.328	2.04347826086957
0.889283321873261	9.09207881366081e-31	retina	relch	0.403	1.86175115207373
0.860438124416108	1.08655653706168e-30	retina	cnbpa	0.48	1.70567375886525
1.10691118442769	1.16210296541699e-30	retina	slc23a2	0.322	2.07051282051282
0.959802625904048	1.43489847796099e-30	retina	unc5b	0.579	1.58469945355191
1.41715300071658	1.81395197409934e-30	retina	tktb	0.213	2.57831325301205
1.05872156971582	1.99365035118572e-30	retina	bcat2	0.382	1.8960396039604
0.922317178931364	2.01686138480798e-30	retina	fnbp1a	0.419	1.81034482758621
1.56141339416579	2.03430978973867e-30	retina	acot7	0.16	3.0377358490566
1.05488892584047	2.04253599838593e-30	retina	rev3l	0.366	1.92146596858639
1.89248141711411	3.27796500902759e-30	retina	mmp15a	0.135	3.4
1.07383564305597	4.30836321543725e-30	retina	ddx21	0.321	2.07741935483871
1.23248617406629	4.78017791806049e-30	retina	nat10	0.247	2.36190476190476
1.7157395644886	8.57448372621882e-30	retina	enpp1	0.133	3.43589743589744
0.986974315834032	1.11219338079011e-29	retina	wdr75	0.352	1.98314606741573
0.87534119767093	1.98315290727025e-29	retina	ebna1bp2	0.428	1.80252100840336
3.19217667513831	2.28974519959185e-29	retina	hlfa	0.056	7.125
1.05941754550661	7.69511707395017e-29	retina	nepro	0.301	2.12676056338028
1.59354615416854	8.9109795031377e-29	retina	scpep1	0.182	2.73134328358209
1.45659302589558	9.36004723196501e-29	retina	tspan9a	0.142	3.25
1.1255537412657	1.18620245192987e-28	retina	ddx24	0.291	2.14705882352941
1.06367358903275	1.55549759873466e-28	retina	cebpz	0.294	2.12230215827338
0.970893657025161	1.70143838729385e-28	retina	ifrd2	0.321	2.05095541401274
1.15108014216983	1.98723902879027e-28	retina	ptprk	0.287	2.13333333333333
1.52799191901548	3.23085013401586e-28	retina	tspan36	0.151	3.10204081632653
2.3493991299966	4.42045573791211e-28	retina	si:ch211-107n13.1	0.084	4.72222222222222
1.4496813975102	4.43112044664839e-28	retina	peak1	0.173	2.80645161290323
1.31432067803435	4.64050661657289e-28	retina	mars1	0.219	2.41758241758242
0.793055418468047	6.32742955477831e-28	retina	si:ch73-22o12.1	0.496	1.66220735785953
1.07664803619595	6.55798784671748e-28	retina	e2f4	0.324	1.96969696969697
2.0970513406718	6.64567044921398e-28	retina	klhl29	0.112	3.64516129032258
0.872418805457383	7.00979038662869e-28	retina	usp36	0.449	1.69811320754717
1.68519868947288	8.87393992741676e-28	retina	ugt1b5	0.135	3.23809523809524
0.605116181591765	9.0662327557461e-28	retina	tcf7l1b	0.615	1.54385964912281
1.15728441509392	1.03767445825674e-27	retina	zfp36l1a	0.27	2.18548387096774
0.998406914303189	1.28528784586288e-27	retina	bms1	0.336	1.97076023391813
1.07664598395637	1.33230862731127e-27	retina	elp2	0.306	2.03311258278146
1.74201807746199	1.3849940782353e-27	retina	rdh10a	0.102	3.96153846153846
1.21877313557448	1.5724896450172e-27	retina	esf1	0.264	2.17213114754098
1.58978855930899	1.75115702550933e-27	retina	slc4a2b	0.132	3.325
1.48060409650503	1.86019017567034e-27	retina	six3a	0.141	3.15555555555556
0.955842190263479	2.33023897393885e-27	retina	nsun2	0.33	2.00606060606061
1.75385241774309	2.71876604356343e-27	retina	fabp7a	0.119	3.52941176470588
1.47959584022383	2.73844326742516e-27	retina	tbc1d16	0.166	2.83050847457627
1.45302005415657	3.22498908798091e-27	retina	si:ch211-113j14.1	0.166	2.83050847457627
1.52268305483474	3.32837342575967e-27	retina	hprt1	0.159	2.90909090909091
2.81774890915593	5.07401033705759e-27	retina	trpc6b	0.057	6.44444444444444
1.03892669819363	6.82357166506969e-27	retina	si:ch73-335l21.1	0.29	2.09352517985611
1.61648074990221	8.2061175362301e-27	retina	pgam1a	0.141	3.08695652173913
1.37356797459352	1.13357205556395e-26	retina	polr1b	0.187	2.61111111111111
1.29363961540778	1.19809553071598e-26	retina	elac2	0.195	2.54545454545455
1.23573624548706	1.27507356173152e-26	retina	rrp9	0.231	2.32
0.925603015910749	1.38200127622774e-26	retina	fezf2	0.209	2.53012048192771
1.01141379827269	3.18465250460424e-26	retina	aatf	0.299	2.05479452054795
1.89712867076061	3.50905930614563e-26	retina	mtmr8	0.1	3.88461538461538
1.19117910354487	3.54616736741939e-26	retina	cd3eap	0.253	2.18965517241379
1.38073765038603	4.19179599532319e-26	retina	tfb2m	0.175	2.70769230769231
0.810214363259917	4.65678193037725e-26	retina	prmt1	0.474	1.63230240549828
1.20951866291496	5.37427660068336e-26	retina	si:dkey-217d24.6	0.212	2.42045454545455
0.846117749798864	5.45101740481842e-26	retina	rpf1	0.399	1.8018018018018
0.980756168703256	6.71977307903652e-26	retina	nol6	0.312	1.99363057324841
2.16341554979889	9.5770892106038e-26	retina	ttyh2l	0.077	4.875
0.864571734413259	9.98720486924572e-26	retina	snu13b	0.418	1.75313807531381
1.78680805788845	1.10058205877697e-25	retina	naf1	0.127	3.2
0.868509151291072	1.13606551750207e-25	retina	nhp2	0.44	1.67045454545455
1.31736892921636	1.21654608539657e-25	retina	im:7136021	0.21	2.37078651685393
1.49495955551619	1.38678698998682e-25	retina	vps9d1	0.174	2.65151515151515
0.953521723276166	1.42427118514961e-25	retina	fam117aa	0.416	1.70901639344262
2.28270765421025	1.44142489163694e-25	retina	bmp4	0.075	4.75
1.03918386515706	1.76803437685367e-25	retina	xpot	0.29	2.06382978723404
0.828365774777037	2.62616700089239e-25	retina	asph	0.432	1.69803921568627
1.80614887706398	2.75265201729512e-25	retina	si:ch211-51c14.1	0.105	3.6551724137931
1.13293903462662	2.84136116470448e-25	retina	aifm1	0.252	2.2
1.28579188710756	3.39913028424029e-25	retina	twistnb	0.211	2.35555555555556
1.43519477570123	3.89837817314869e-25	retina	trmt1	0.176	2.60294117647059
1.11933732154138	4.36078665435146e-25	retina	rexo4	0.264	2.12
1.07243936773995	5.73809829459689e-25	retina	ssb	0.263	2.12903225806452
0.947955352382615	5.84282752401507e-25	retina	si:ch211-284f22.3	0.281	2.1044776119403
2.13173270153792	6.28693203582458e-25	retina	si:dkey-258f14.3	0.083	4.2
0.802237453561636	6.32169564286199e-25	retina	lrba	0.397	1.76106194690265
1.31294524066855	6.91266112438153e-25	retina	aldh4a1	0.159	2.80701754385965
1.14517255787575	9.76596714865752e-25	retina	nol10	0.228	2.31313131313131
1.16013511526887	1.04053837812621e-24	retina	pdcd4a	0.266	2.06976744186047
0.661612398220069	1.28269333637761e-24	retina	atp1b3a	0.575	1.54423592493298
2.67572530661512	1.32337726788892e-24	retina	gpc5b	0.055	6.22222222222222
2.20323731956523	1.59295900801623e-24	retina	HACD4	0.083	4.2
1.07423128887891	1.97379468288588e-24	retina	polr3a	0.263	2.112
1.31576077595648	2.42132256390994e-24	retina	FO704750.1	0.177	2.57971014492754
1.55453673628352	2.62697025955193e-24	retina	npas2	0.132	3.09302325581395
0.872044581610507	3.23681981980083e-24	retina	dhx37	0.374	1.78571428571429
0.789792687347771	3.39323910307043e-24	retina	vax2	0.255	2.18803418803419
1.57525742519719	4.1742812445869e-24	retina	impdh2	0.123	3.17948717948718
0.87853150283985	6.06764133013043e-24	retina	smyd3	0.414	1.6869918699187
0.648871822928499	6.23380628393335e-24	retina	ogdha	0.533	1.58456973293769
1.39058577710533	6.61205814106479e-24	retina	mapk9	0.154	2.76785714285714
1.95588009429578	6.86759946742674e-24	retina	aldh18a1	0.091	4
1.35708260335526	7.24326186240582e-24	retina	gpam	0.176	2.56521739130435
1.75966176054244	1.07795080789566e-23	retina	rhoub	0.132	2.95555555555556
0.656873915842075	1.18896342897727e-23	retina	zic2b	0.365	1.89637305699482
0.687881792952832	1.61873395542902e-23	retina	bmpr1ab	0.525	1.56547619047619
2.31561210634507	1.76705918198863e-23	retina	cdkn1d	0.062	5.25
0.683979301936893	3.17632974513407e-23	retina	tyw1	0.531	1.53757225433526
0.791090445950071	5.37827457610917e-23	retina	sema4ab	0.431	1.66153846153846
0.875961094687861	6.22876891753939e-23	retina	ndrg3b	0.357	1.78109452736318
1.1972267011563	6.78240608378344e-23	retina	slc25a37	0.211	2.30434782608696
1.27932107763272	8.16512421431682e-23	retina	arpc5lb	0.193	2.39506172839506
0.790867276062397	9.65686741161636e-23	retina	dph1	0.397	1.74561403508772
0.813503184231652	1.14220541521623e-22	retina	si:dkey-33c12.4	0.425	1.6640625
0.93268887657625	1.16721729061492e-22	retina	znf395a	0.419	1.6600790513834
0.835084466167134	1.91613770857995e-22	retina	slc39a14	0.438	1.61992619926199
0.842590132717144	2.14881782504576e-22	retina	pinx1	0.381	1.75229357798165
1.24112370743688	2.17770666740727e-22	retina	kcnd1	0.191	2.4
1.15189285699876	2.82623431621772e-22	retina	slc19a2	0.249	2.08333333333333
1.65828917140412	3.49247059640772e-22	retina	zcchc4	0.12	3.1025641025641
0.973487645599583	3.67215635998898e-22	retina	hk2	0.256	2.07258064516129
0.899298856507418	4.36615259513508e-22	retina	urb2	0.329	1.84357541899441
1.09559784742335	4.55082384798263e-22	retina	c1qbp	0.257	2.03149606299213
1.21542843562325	5.95461092719217e-22	retina	hspe1	0.209	2.25806451612903
1.8800337781851	6.28672154533446e-22	retina	gdpd5b	0.112	3.22857142857143
1.34050995607657	8.29306285193682e-22	retina	heatr3	0.168	2.52238805970149
1.76024024870038	8.32004161275329e-22	retina	nufip1	0.096	3.59259259259259
1.20524906755945	1.25934630641486e-21	retina	mtrr	0.19	2.35802469135802
1.304229778587	1.28246942456134e-21	retina	pnp5b	0.155	2.64406779661017
1.03519962491901	1.31752872979267e-21	retina	foxn2b	0.261	2.03100775193798
1.56469327872306	1.3736553192998e-21	retina	si:ch211-169p10.1	0.116	3.07894736842105
1.96409505542769	1.43394056603195e-21	retina	prepl	0.09	3.64
1.27960721944555	1.89857707984915e-21	retina	nop14	0.185	2.38461538461538
0.930143594024151	2.42535007526257e-21	retina	tomm20a.1	0.308	1.88414634146341
1.36203304532548	2.44603284349685e-21	retina	pld7	0.15	2.69642857142857
1.25372826425529	2.6734009562428e-21	retina	kif21a	0.182	2.37662337662338
1.0874594302848	2.92497596804281e-21	retina	eif6	0.239	2.10526315789474
0.821819169553256	2.99662293807515e-21	retina	knop1	0.35	1.79081632653061
0.824925235651818	3.28460678786087e-21	retina	larp4ab	0.38	1.71621621621622
1.97494273822935	3.90200470448307e-21	retina	glyctk	0.079	4
1.29650406353334	4.58846616468344e-21	retina	tns2a	0.135	2.83333333333333
0.915771886158872	5.12131476560926e-21	retina	pwp1	0.294	1.91558441558442
0.729456683330533	5.23610752057827e-21	retina	nol11	0.454	1.61347517730496
1.9267528563248	5.58412390912901e-21	retina	cabp1b	0.097	3.37931034482759
1.43027779911266	5.66354503337922e-21	retina	fastkd1	0.141	2.67924528301887
0.943889163466735	5.85159914884586e-21	retina	grwd1	0.258	2.03937007874016
1.16532844478458	5.9311774746576e-21	retina	xpnpep3	0.195	2.30588235294118
1.08443571107022	6.85506362578916e-21	retina	noc3l	0.23	2.13888888888889
1.45134061019323	7.27712047952979e-21	retina	mettl15	0.135	2.77551020408163
1.00868951412444	8.39625299432916e-21	retina	rcl1	0.259	2
0.703786789724107	8.57691702280075e-21	retina	phf20b	0.453	1.63898916967509
1.00074418688622	9.01483271379901e-21	retina	ddx10	0.263	2
2.05825073802743	1.05590552912345e-20	retina	doc2d	0.074	4.16666666666667
1.02803004845316	1.10074391332228e-20	retina	elmo3	0.259	2.01550387596899
0.665242581166507	1.32918058147953e-20	retina	arntl2	0.496	1.553125
0.925910517797868	1.52038980433103e-20	retina	rpl7l1	0.33	1.80874316939891
1.27357950508668	1.57305209848422e-20	retina	slc35f2	0.173	2.41666666666667
0.919912909681514	1.67174941088587e-20	retina	zmynd19	0.295	1.88535031847134
1.49026441020259	2.04304081825377e-20	retina	cry1a	0.129	2.82608695652174
0.879670062632569	2.28229372189753e-20	retina	mat2aa	0.313	1.84705882352941
1.61614379914178	2.68075688371709e-20	retina	znf800b	0.101	3.29032258064516
1.3985573608068	2.7224161465878e-20	retina	si:dkey-6b12.5	0.153	2.56666666666667
1.41239210914929	3.80078425325108e-20	retina	cited4b	0.116	3
1.34717751618997	5.73471164972124e-20	retina	utp4	0.145	2.65454545454545
0.962151746703642	6.29198706799694e-20	retina	thada	0.273	1.92957746478873
1.24988816360864	6.42202567039936e-20	retina	prickle1b	0.174	2.36486486486486
0.895431386782567	7.38498288534904e-20	retina	kri1	0.304	1.84848484848485
1.64335043072337	9.37290872184293e-20	retina	CR846082.1	0.116	2.925
1.145545996237	9.8016581510255e-20	retina	rnaseh2b	0.204	2.22826086956522
0.924368301745056	1.09595106848657e-19	retina	trmt61a	0.296	1.83333333333333
1.35097170538167	1.10626245113187e-19	retina	hmbsa	0.15	2.5593220338983
0.960177024550966	1.15868466786533e-19	retina	utp6	0.282	1.8993288590604
1.58632355037556	1.2520345188844e-19	retina	flvcr2b	0.107	3.08571428571429
0.985156195325433	1.27441536321855e-19	retina	acsl4a	0.244	2.02479338842975
1.40671694072902	1.33529858375695e-19	retina	fam162a	0.14	2.66037735849057
1.90617725761934	2.15547957791802e-19	retina	slc16a12a	0.082	3.60869565217391
1.67282756181845	2.67277872262747e-19	retina	hacd1	0.113	2.92307692307692
0.9537613965809	3.21700219149265e-19	retina	egln1b.1	0.269	1.92857142857143
1.12389226388019	3.6147742190495e-19	retina	trmt5	0.167	2.43478260869565
1.38900316137351	4.03025957811893e-19	retina	mthfs	0.133	2.68
1.94531874946715	4.25434227320391e-19	retina	si:dkeyp-19e1.3	0.076	3.85
1.21956059990716	4.38066605702975e-19	retina	slc25a28	0.16	2.43939393939394
0.918886402133816	4.43957672548839e-19	retina	zgc:153284	0.331	1.73821989528796
1.77182869610438	5.05593155174636e-19	retina	stk31	0.09	3.37037037037037
0.694718471811985	5.93732844395974e-19	retina	mtrex	0.466	1.55666666666667
0.894109417819058	6.79457375930499e-19	retina	trmt6	0.273	1.90277777777778
0.85651772862239	7.81957241779219e-19	retina	id2a	0.318	1.8125
1.64834252119755	7.84938532752307e-19	retina	nrip1a	0.102	3.12121212121212
1.62603534944568	8.14563664032652e-19	retina	slc43a2a	0.104	3.08823529411765
2.01760606181416	1.21746588198889e-18	retina	si:dkey-66g10.2	0.074	3.94736842105263
0.89254768276005	1.27630948767995e-18	retina	rsl1d1	0.299	1.81818181818182
1.86112328592559	1.29547288107208e-18	retina	zgc:193690	0.076	3.85
1.50982778274408	1.52149149710457e-18	retina	nt5dc1	0.11	3
1.83973629845169	1.77061695170036e-18	retina	siae	0.078	3.76190476190476
0.775766407489713	1.98075880912082e-18	retina	dgkh	0.367	1.69585253456221
1.47225865592152	2.53127705090497e-18	retina	zak.1	0.103	3.05882352941176
0.968612505963279	2.5562252712335e-18	retina	vasnb	0.197	2.17582417582418
1.68135659537276	2.62650733327588e-18	retina	unc5da	0.064	4.33333333333333
1.03410881205695	2.782619929634e-18	retina	sp4	0.248	1.9453125
0.76814674489922	2.86971190363245e-18	retina	chd9	0.333	1.75789473684211
1.83647565263151	4.41283297176202e-18	retina	znhit3	0.088	3.42307692307692
0.934079567605385	5.45705856324374e-18	retina	si:ch211-217k17.7	0.253	1.93893129770992
0.972228434887178	6.71612149049613e-18	retina	exosc5	0.262	1.90579710144928
1.48732228094151	7.67229371285714e-18	retina	hemk1	0.102	3.02941176470588
1.48538593758781	7.74063209979498e-18	retina	rpp40	0.117	2.80952380952381
2.34159331364717	8.34570487174735e-18	retina	pcgf5a	0.053	4.90909090909091
0.866040585253465	8.72764622992732e-18	retina	p4ha1b	0.265	1.9136690647482
1.31195642728557	8.90900268216066e-18	retina	lrrc29	0.146	2.49152542372881
1.33298785169079	1.0758736797781e-17	retina	si:dkey-44g23.5	0.118	2.76744186046512
0.659978758398428	1.10454601568746e-17	retina	baz1a	0.474	1.51757188498403
1.47119587537489	1.30219591441924e-17	retina	mettl13	0.101	3
1.15349538624572	1.47062919616372e-17	retina	elovl2	0.179	2.22222222222222
1.10882473311181	1.75462962435435e-17	retina	abt1	0.181	2.21951219512195
0.950511722671508	1.95249620518526e-17	retina	znf593	0.216	2.06666666666667
0.565738992073785	2.45974895883022e-17	retina	rarab	0.407	1.65853658536585
0.998598733281882	2.67061691274838e-17	retina	CDPF1	0.247	1.92248062015504
2.03047846912738	2.67181544869089e-17	retina	dact2	0.061	4.13333333333333
0.80416354272072	2.93334055514367e-17	retina	sptbn2	0.332	1.734375
1.51932385995614	3.13240593947457e-17	retina	mat2ab	0.102	2.94285714285714
1.53599145150465	3.33847588179948e-17	retina	dph2	0.123	2.63829787234043
1.48214120760938	3.55051024633692e-17	retina	ngrn	0.108	2.86842105263158
1.09713234771704	3.79540102755168e-17	retina	pop4	0.179	2.19512195121951
0.995854443446044	4.30981206011611e-17	retina	cherp	0.236	1.94262295081967
0.871367466120386	5.06747674520244e-17	retina	hacd2	0.252	1.91666666666667
1.62807262130779	6.04383109054912e-17	retina	si:dkey-65b13.1	0.097	3.0625
0.978885378938671	6.71285213341772e-17	retina	uck2a	0.235	1.96666666666667
1.25519717817808	8.25339651159024e-17	retina	colec12	0.127	2.61224489795918
0.326037138793445	8.4615863164065e-17	retina	si:ch211-285f17.1	0.513	1.58641975308642
1.03683098747161	9.28058383745799e-17	retina	gpt2l	0.192	2.14444444444444
0.664106939188867	1.14215581835334e-16	retina	atp13a3	0.443	1.52577319587629
1.07241328225289	1.267263373674e-16	retina	gk5	0.174	2.24358974358974
1.20529835875898	1.26926007805529e-16	retina	acaca	0.157	2.32352941176471
1.88322635735617	1.87490776751222e-16	retina	cdc42ep4b	0.061	4.13333333333333
0.650144839058951	1.98176365297541e-16	retina	eif4bb	0.455	1.52508361204013
1.30414828912391	2.6075462026909e-16	retina	si:dkey-258f14.2	0.13	2.56862745098039
0.720730178596129	3.08737711250713e-16	retina	pcca	0.393	1.56972111553785
0.660460617453229	3.32069377313567e-16	retina	tfdp1a	0.438	1.54035087719298
1.35397815571108	3.85853974425292e-16	retina	pbx1b	0.156	2.30882352941176
0.874970902878123	4.10395996762748e-16	retina	aldh7a1	0.264	1.85314685314685
1.71245375862303	5.0200330816003e-16	retina	immp1l	0.076	3.5
1.88783030118106	5.93252616862621e-16	retina	zgc:153681	0.069	3.68421052631579
1.4208365236677	6.53640327761193e-16	retina	rrs1	0.127	2.56
0.626541237404741	7.79382342387193e-16	retina	raph1b	0.408	1.59143968871595
0.734476996221087	8.30265376942549e-16	retina	cnbpb	0.427	1.52313167259786
1.54332507475742	8.37202073218225e-16	retina	gpm6ab	0.095	3
1.15740554402091	1.04311601553947e-15	retina	nrg3b	0.094	3.06451612903226
1.07014813091158	1.08401162962389e-15	retina	plcb3	0.189	2.11111111111111
1.68903392630752	1.34478345983634e-15	retina	ldb3a	0.091	3.06666666666667
1.23849395757954	1.531469825134e-15	retina	CT956002.2	0.147	2.34920634920635
0.922074019808692	1.69477908094595e-15	retina	gemin5	0.238	1.8968253968254
0.935620974733655	1.76978598568974e-15	retina	chek2	0.228	1.94067796610169
1.08991212709838	1.87097278913708e-15	retina	si:dkey-74k8.3	0.166	2.22666666666667
1.35178476533037	1.93509185784004e-15	retina	si:ch211-282b22.1	0.108	2.79487179487179
0.875484175365621	1.96302703532705e-15	retina	rreb1b	0.278	1.77707006369427
1.23781474716324	1.98756006232375e-15	retina	cc2d1b	0.158	2.23943661971831
2.1487577143493	2.13359147916448e-15	retina	ankrd33ba	0.058	4.21428571428572
1.50098130440241	2.29880691660816e-15	retina	fbln2	0.082	3.19230769230769
0.70341910768553	2.4523010717883e-15	retina	cry3a	0.43	1.53380782918149
0.907953055185411	2.47924552142582e-15	retina	crabp2a	0.16	2.26760563380282
1.23936293972908	2.98872486842033e-15	retina	BX324224.1	0.137	2.37931034482759
1.17653927617533	3.30507725168321e-15	retina	smyd5	0.151	2.3030303030303
0.790617976153494	3.3191790919576e-15	retina	fam120a	0.313	1.71584699453552
0.792139972420987	3.3380245951431e-15	retina	aldoaa	0.286	1.76073619631902
0.85905048544623	3.4402558993444e-15	retina	ppa1b	0.265	1.83448275862069
1.13218002708431	3.53930756433763e-15	retina	si:dkey-196j8.2	0.131	2.49056603773585
1.23434690415788	3.98324184845365e-15	retina	stard7	0.148	2.29230769230769
1.31476312780162	4.48473114433726e-15	retina	otulina	0.116	2.6
0.673580279464317	4.66947642841387e-15	retina	SLC7A1	0.355	1.62557077625571
2.13378604193059	4.81022566619186e-15	retina	slc25a15b	0.054	4.23076923076923
0.879088298242261	5.45024034022325e-15	retina	dock11	0.239	1.875
1.453623287801	6.21204869164661e-15	retina	zmp:0000000624	0.108	2.725
0.81392631782089	6.28590453529804e-15	retina	cmss1	0.234	1.92622950819672
0.650229605615869	6.47586512431177e-15	retina	ahctf1	0.393	1.56972111553785
2.05137741738539	8.79483824022178e-15	retina	slc18b1	0.059	4
0.936287976981497	9.3773836343059e-15	retina	utp3	0.203	2.01980198019802
1.89831742596277	1.03191675747423e-14	retina	cdr2a	0.064	3.61111111111111
0.920518940854287	1.05997233632675e-14	retina	mphosph10	0.211	1.98130841121495
1.53282081963062	1.12005832187478e-14	retina	ezh1	0.085	3.07142857142857
0.503230321360732	1.1961516176367e-14	retina	fras1	0.398	1.60240963855422
2.10708344507057	1.28817576438888e-14	retina	syt9b	0.053	4.15384615384615
0.848757809988302	1.34272149637666e-14	retina	lpl	0.253	1.8273381294964
1.18546284645643	1.42729563890328e-14	retina	rpf2	0.135	2.3859649122807
1.32897315647616	1.64675093276761e-14	retina	eif2ak1	0.108	2.65853658536585
1.92996466757856	1.89951285184388e-14	retina	cart3	0.066	3.52631578947368
0.667473382878687	2.02837441883659e-14	retina	eif5	0.423	1.51428571428571
0.686789590587783	2.43334150041585e-14	retina	eif1axa	0.302	1.7514450867052
1.06317173985279	2.48873896886127e-14	retina	thraa	0.161	2.18918918918919
1.18322579711864	2.84850464855124e-14	retina	kifc3	0.131	2.4
1.38190738823386	3.41817310896986e-14	retina	si:dkey-222b8.1	0.101	2.75675675675676
1.74398662674048	4.07153534452524e-14	retina	soul4	0.068	3.45
0.879721901755588	4.61957520569708e-14	retina	smad5	0.261	1.79452054794521
0.682502902544029	4.650797874839e-14	retina	si:ch211-1e14.1	0.365	1.59825327510917
1.03050028614344	4.83643352332603e-14	retina	uri1	0.186	2.03260869565217
1.78002348361801	5.03151305187685e-14	retina	bhlhe40	0.063	3.55555555555556
0.892701683885696	5.13743620024374e-14	retina	inavab	0.267	1.76315789473684
0.888924710182053	5.74344611681366e-14	retina	akap1b	0.191	2.04255319148936
0.765107610212896	5.99472603411299e-14	retina	abcf2a	0.278	1.75471698113208
1.00032653542543	6.90964772103984e-14	retina	atic	0.185	2.04395604395604
0.726396765166432	7.30958300708281e-14	retina	plxnb2a	0.219	1.94690265486726
1.1881219485743	7.33155460042732e-14	retina	lonrf1l	0.167	2.1
0.699441963197697	7.56485898904827e-14	retina	aars1	0.357	1.58407079646018
0.672698070003948	7.62459398421943e-14	retina	trnau1apb	0.419	1.51079136690647
1.13118954549633	7.69741865946197e-14	retina	ddx54	0.158	2.14864864864865
0.965823890158292	7.96262132472565e-14	retina	srfbp1	0.203	1.98058252427184
0.961887402966183	8.00524733483719e-14	retina	lars1b	0.195	1.97979797979798
0.842019221781839	8.43165640898455e-14	retina	mak16	0.25	1.81884057971014
2.21715242717088	8.44516588281599e-14	retina	slc16a10	0.05	4.25
1.41154377374506	8.67612414787909e-14	retina	MDFIC	0.107	2.63414634146341
1.11962682114469	1.01883877512575e-13	retina	wdr46	0.148	2.22388059701493
0.966348348781447	1.12544809514878e-13	retina	camsap3	0.187	2.02150537634409
1.03420247300015	1.13142092030404e-13	retina	mipep	0.179	2.04545454545455
1.10165252840811	1.17749552301767e-13	retina	tdh	0.167	2.12658227848101
1.97072811179096	1.25008404289834e-13	retina	ugt5c3	0.051	4.33333333333333
0.837927578576369	1.50779945974093e-13	retina	msh3	0.23	1.8780487804878
1.28744079365249	1.53744303860408e-13	retina	nol8	0.109	2.61904761904762
1.05049374151746	1.68871066433564e-13	retina	polr1d	0.182	2.01098901098901
1.12191474330764	1.82701439013133e-13	retina	nrde2	0.162	2.11688311688312
0.821191440694406	2.04131500257513e-13	retina	gnl2	0.228	1.87704918032787
0.942533945493053	2.05158794284052e-13	retina	utp20	0.186	2.03260869565217
0.958547432132406	2.32492588621394e-13	retina	sbno1	0.184	2.03296703296703
1.052117941842	2.39734843592863e-13	retina	rpp38	0.173	2.04705882352941
1.06237117540387	2.58995230650777e-13	retina	dus3l	0.129	2.36363636363636
1.04611483563195	2.89724387430467e-13	retina	rrp1	0.167	2.1
1.64521287221226	3.20175519897909e-13	retina	ENSDARG00000071353	0.08	3
0.746290754020366	3.23453592119377e-13	retina	taf1a	0.292	1.69364161849711
0.797196201414861	3.38830890617058e-13	retina	clockb	0.281	1.73006134969325
0.816671932565444	3.45319917898564e-13	retina	fntb	0.264	1.75496688741722
1.00331775069109	3.56321630018308e-13	retina	slc25a21	0.187	2
0.856467043339961	3.75824171751102e-13	retina	adat2	0.223	1.88235294117647
0.601927791783047	3.84630813237818e-13	retina	immp2l	0.366	1.56170212765957
1.89666413045224	4.09252719441306e-13	retina	tkfc	0.057	3.625
1.58065258138629	4.43881776324011e-13	retina	zgc:109986	0.076	3.08
1.34978290829549	5.11958473273296e-13	retina	dimt1l	0.12	2.37254901960784
1.63339917467085	5.59480320882949e-13	retina	pabpc1b	0.076	3.08
0.971222364879878	5.6776381347431e-13	retina	ipmkb	0.156	2.18055555555556
1.25215377243785	6.40025965262332e-13	retina	rbbp9	0.134	2.28813559322034
0.545266279933385	6.5539974606499e-13	retina	FRMD1	0.243	1.84848484848485
0.854227838669741	7.15141422082227e-13	retina	taf1b	0.213	1.89380530973451
1.04473990008182	8.60568907364534e-13	retina	polr1e	0.177	2.02272727272727
0.692764304287025	9.032546550065e-13	retina	smarca2	0.291	1.70760233918129
2.00982081609456	9.71902467125651e-13	retina	chd5	0.056	3.8
1.39250584111226	1.02066985272854e-12	retina	mthfsd	0.1	2.58974358974359
1.22011425995448	1.03414504977974e-12	retina	pfas	0.122	2.36538461538462
0.752114462313671	1.14388930815471e-12	retina	caprin1b	0.277	1.71604938271605
0.720731278141514	1.21221574515404e-12	retina	si:ch73-37h15.2	0.282	1.71515151515151
1.06017907701241	1.34199638866606e-12	retina	mrpl3	0.184	1.96808510638298
0.569022527304521	1.37207951842453e-12	retina	traf4a	0.25	1.80575539568345
0.594356352019408	1.41226300475821e-12	retina	caska	0.385	1.53784860557769
0.838822720036516	2.04525307331968e-12	retina	vars1	0.223	1.85123966942149
0.620239192163484	2.07416205103411e-12	retina	lsp1b	0.381	1.55918367346939
1.03388142412812	2.23272253105109e-12	retina	clybl	0.161	2.07692307692308
0.704488310190768	2.60771811688696e-12	retina	adck1	0.273	1.7125
1.76705399382201	2.66655139889245e-12	retina	CR854927.3	0.061	3.44444444444444
1.81202938596177	2.68190044345393e-12	retina	bmp2b	0.05	3.92307692307692
0.925416070357866	2.72751993532739e-12	retina	eif1ad	0.184	1.98924731182796
1.70912481069879	2.90019744745806e-12	retina	ptpn11b	0.06	3.38888888888889
1.34029244155415	3.57071072367769e-12	retina	mpv17l2	0.098	2.60526315789474
0.99966084244144	3.63399784178304e-12	retina	hibadhb	0.128	2.30357142857143
1.44058736178453	3.70143036024516e-12	retina	mbnl1	0.073	3.08333333333333
0.851032232382405	3.97958135764183e-12	retina	zpr1	0.191	1.93939393939394
2.00783924166629	4.18030146881692e-12	retina	glula	0.054	3.66666666666667
0.991661254980028	4.39294869104055e-12	retina	vars2	0.194	1.89320388349515
0.991134942653364	4.60294327356037e-12	retina	palld	0.139	2.1875
1.03791751394864	4.62185992818488e-12	retina	grsf1	0.175	1.97752808988764
0.887642779175408	4.64030902724171e-12	retina	fcf1	0.209	1.875
1.75976065370557	4.65017864998639e-12	retina	trim13	0.057	3.625
0.579805356700272	4.73738971209043e-12	retina	arhgap10	0.417	1.50902527075812
1.18295916802004	4.87464831785188e-12	retina	foxred2	0.124	2.31481481481481
0.921360467389787	4.91038297954985e-12	retina	slc25a14	0.2	1.8785046728972
0.718563704876935	6.17551250160587e-12	retina	tomm70a	0.308	1.62631578947368
0.994722561864483	6.40819851251805e-12	retina	ccdc137	0.18	1.94623655913978
1.44435466809997	6.82728574013555e-12	retina	chchd4b	0.089	2.72727272727273
0.622685842041156	7.29471408963143e-12	retina	etf1b	0.385	1.51372549019608
0.924733799209482	8.62946694164822e-12	retina	dnaja3a	0.161	2.0506329113924
1.96442062655087	8.82213778509736e-12	retina	CU855889.2	0.051	3.71428571428571
1.44695977395401	9.52225032531051e-12	retina	BX649231.1	0.061	3.44444444444444
0.82657296092099	9.87576823153731e-12	retina	pyroxd2	0.212	1.83620689655172
0.906207243689018	1.03104980918578e-11	retina	bccip	0.162	2.06329113924051
1.57482898848457	1.07969961445561e-11	retina	chchd10	0.062	3.31578947368421
0.67299918134881	1.27084809226399e-11	retina	cast	0.381	1.51587301587302
0.77284141938061	1.37237417179843e-11	retina	mrpl11	0.219	1.81818181818182
1.24500912932454	1.42827220024718e-11	retina	fam207a	0.122	2.27777777777778
0.899378704541182	1.47060494961262e-11	retina	prpsap2	0.182	1.9468085106383
1.00418648751237	1.65328567252168e-11	retina	inpp5l	0.173	1.95505617977528
0.827071012577597	1.79470814890872e-11	retina	camkmt	0.215	1.81512605042017
1.10575176411271	1.84666377969374e-11	retina	tdrkh	0.121	2.25925925925926
1.06327270282202	2.01749114547728e-11	retina	si:dkey-85a20.4.1	0.157	2.02564102564103
1.33861031044464	2.08151112172713e-11	retina	rbm38	0.081	2.82758620689655
1.40131991693325	2.11227483657918e-11	retina	nars2	0.088	2.6969696969697
1.1645791688481	2.1551238803072e-11	retina	nhsa	0.102	2.45238095238095
1.0287383147209	2.73744986732762e-11	retina	setd3	0.172	1.9438202247191
1.00834750484263	3.24285027954532e-11	retina	dnttip2	0.21	1.81896551724138
1.36322024666526	3.3620619962529e-11	retina	slc5a6a	0.091	2.62857142857143
1.17763163878613	3.4408889614454e-11	retina	thumpd3	0.126	2.2280701754386
1.12593866514733	3.7797168238837e-11	retina	exosc4	0.127	2.24561403508772
0.809034794603211	3.91368066240729e-11	retina	phb2a	0.207	1.85714285714286
0.995473442466583	4.15854910549409e-11	retina	imp4	0.175	1.93406593406593
0.273553084986754	4.17796967666179e-11	retina	tmem108	0.451	1.53220338983051
1.52597620177694	4.42108307751998e-11	retina	rskrb	0.073	2.96
1.76774449527589	4.51454834996633e-11	retina	adkb	0.059	3.33333333333333
0.809933943854617	4.81276429779631e-11	retina	immt	0.201	1.85321100917431
1.72467530542316	4.82107501748669e-11	retina	si:dkey-79d12.5	0.058	3.27777777777778
0.798413300165604	5.11267251944856e-11	retina	paics	0.301	1.5978835978836
0.708477056618199	5.29481264328317e-11	retina	nt5dc2	0.241	1.7536231884058
0.703939247314173	5.4940637820785e-11	retina	pdik1l	0.32	1.58910891089109
0.69614334830697	5.78568662640079e-11	retina	exosc10	0.289	1.64772727272727
0.609014971921163	6.12052556942091e-11	retina	prmt5	0.362	1.54468085106383
0.812344530948035	6.70726948063251e-11	retina	dgkza	0.195	1.88461538461538
0.99986424340198	7.25519119051243e-11	retina	dpyda.1	0.136	2.140625
0.676336954936775	7.71553631243788e-11	retina	ak2	0.272	1.67484662576687
0.921820218454881	7.84295430350628e-11	retina	pmpca	0.155	2.05263157894737
0.896241053055931	8.16307471924247e-11	retina	elp3	0.16	2.0125
0.598634791608151	8.31812595597109e-11	retina	ttll4	0.318	1.60301507537688
1.84283291493819	9.6111012003065e-11	retina	cdkn1a	0.052	3.53333333333333
1.18889092761796	9.68425565590935e-11	retina	eef1akmt2	0.1	2.46341463414634
1.21616394135077	1.02264323067613e-10	retina	fkbp16	0.094	2.56756756756757
1.7674241756446	1.14546183420131e-10	retina	si:dkey-68o6.5	0.054	3.4375
1.3391015104854	1.16440333724706e-10	retina	fgf3	0.073	2.96
1.29360528799083	1.20736915574671e-10	retina	stk17al	0.105	2.35555555555556
0.552106318636431	1.2291869191474e-10	retina	gas1b	0.355	1.54782608695652
1.02458165496621	1.31312492468806e-10	retina	lins1	0.138	2.10606060606061
1.27463261551278	1.40626616639089e-10	retina	esrra	0.108	2.3695652173913
0.614478512460964	1.76065297936271e-10	retina	itpk1b	0.33	1.55399061032864
0.839503349532423	1.76329581617411e-10	retina	pitrm1	0.189	1.88118811881188
0.970489627457181	1.96092452627951e-10	retina	EIF2AK4	0.165	1.95294117647059
0.809985662491505	1.9724592936872e-10	retina	XPO5	0.217	1.77235772357724
1.66324226361893	2.119591698968e-10	retina	ttll12	0.056	3.35294117647059
0.595414037932282	2.17754466783934e-10	retina	atm	0.362	1.53813559322034
0.67172406811353	2.2741012980422e-10	retina	C11H3orf14	0.152	2.06756756756757
0.574573443693391	2.33967948470091e-10	retina	eif3c	0.38	1.5
0.651421793857174	2.38513023892061e-10	retina	amd1	0.312	1.58080808080808
0.656445573251242	2.49970015175561e-10	retina	ncln	0.314	1.58291457286432
0.778160828033983	2.52364765720382e-10	retina	sdad1	0.218	1.76612903225806
0.82227158273524	2.774473639805e-10	retina	gnl3l	0.192	1.85576923076923
1.13030337831345	2.78343626135363e-10	retina	pusl1	0.107	2.34782608695652
0.752957687992109	2.80598791039965e-10	retina	lyn.1	0.201	1.83636363636364
1.15486431777011	3.26556522147664e-10	retina	junbb	0.113	2.28
0.703512782594314	3.37863569735726e-10	retina	BCR	0.14	2.07352941176471
1.10672760503629	3.47439496094337e-10	retina	riox2	0.104	2.33333333333333
0.676353165493073	3.48112811071846e-10	retina	per1b	0.339	1.53153153153153
1.08934178583524	3.48242312159465e-10	retina	polr1c	0.13	2.14754098360656
0.900840792316185	4.04899679176285e-10	retina	eif3jb	0.176	1.88297872340426
0.714547789138594	4.58420123349422e-10	retina	abcb7	0.266	1.6583850931677
1.06939526238168	5.6044141292892e-10	retina	rcc1l	0.134	2.109375
0.802919401583061	5.68640514853021e-10	retina	man1a1	0.185	1.87878787878788
0.798071048520017	5.84837608399841e-10	retina	nop10	0.197	1.81651376146789
0.710244863483666	5.85871114786572e-10	retina	si:ch73-308l14.2	0.228	1.73484848484848
1.23219581384379	6.04468142468334e-10	retina	setd7	0.089	2.57142857142857
0.910039679858048	7.3300561371639e-10	retina	ddx56	0.169	1.91011235955056
0.947626010373243	7.6014240932862e-10	retina	nle1	0.151	2
0.702393238980728	7.76416358812499e-10	retina	ptp4a3a	0.254	1.66666666666667
0.737157689450587	7.97000226109292e-10	retina	trappc10	0.25	1.67333333333333
1.07337792240745	7.97691234857119e-10	retina	mtx1b	0.102	2.34090909090909
0.867967276554852	9.33412812977313e-10	retina	pcdh11	0.236	1.65734265734266
1.1461746706585	9.46862074728735e-10	retina	sars2	0.101	2.37209302325581
1.29651539230258	9.97862210503434e-10	retina	mmaa	0.097	2.39024390243902
0.713102260461551	1.01325824888236e-09	retina	hif1ab	0.346	1.5021645021645
1.53077459698109	1.01414527274735e-09	retina	mtr	0.068	2.875
1.40826609643175	1.07623241433271e-09	retina	zgc:110782	0.066	2.91304347826087
0.856842828610397	1.09945835441175e-09	retina	tomm5	0.189	1.82692307692308
1.11823001949615	1.11047990625851e-09	retina	fnbp1b	0.079	2.66666666666667
0.731158079848592	1.17059016583622e-09	retina	prkar2aa	0.219	1.73228346456693
1.27731775321248	1.17388613248297e-09	retina	bcl2l13	0.084	2.57575757575758
0.745388630991495	1.18505542106991e-09	retina	shmt1	0.236	1.70503597122302
0.756961374348966	1.19589429924874e-09	retina	mnta	0.215	1.77049180327869
0.99444696054847	1.31163710979596e-09	retina	slc17a9b	0.154	1.9620253164557
0.794888185533551	1.476068876215e-09	retina	tpd52l2b	0.209	1.75
1.05502866079283	1.49800702380506e-09	retina	mrto4	0.111	2.24
1.04429109324161	1.58180276992243e-09	retina	si:ch211-117k10.3	0.139	2.02898550724638
0.772527452086472	1.58580536522218e-09	retina	ssh2a	0.203	1.78947368421053
0.867318205367139	1.59303973079988e-09	retina	orc5	0.151	2
0.944525793827038	1.62903761317773e-09	retina	ndufaf1	0.139	2.05882352941176
0.693494118603192	1.65396849606918e-09	retina	ipo9	0.313	1.53921568627451
0.689879957887079	1.75711618837754e-09	retina	fasn	0.252	1.66447368421053
0.673375279635305	1.76582280435741e-09	retina	ppp5c	0.284	1.61016949152542
0.883402662184927	1.89591806221813e-09	retina	dohh	0.175	1.87234042553191
1.12932711492151	1.89698651274496e-09	retina	igfbp5b	0.105	2.25531914893617
0.660905927950052	1.97958796834871e-09	retina	C7H20orf27	0.253	1.67105263157895
1.60266662248159	2.2248846960653e-09	retina	fth1b	0.053	3.375
0.773162781769037	2.39005269986833e-09	retina	agpat5	0.21	1.75833333333333
0.855732933898165	2.47441365695978e-09	retina	tomm40l	0.167	1.8876404494382
0.831688665101268	2.5649820599604e-09	retina	klhdc4	0.178	1.86458333333333
1.03421755980444	2.91725514333195e-09	retina	mhc1laa	0.118	2.16363636363636
1.07964009217627	3.10840790036999e-09	retina	pdgfab	0.104	2.28260869565217
1.22593427838452	3.2040893944309e-09	retina	gtf3aa	0.101	2.31818181818182
1.07166129241844	3.64098980692856e-09	retina	wdr12	0.136	2.01470588235294
1.48405208617041	3.91115269766692e-09	retina	itpr1b	0.056	3.16666666666667
1.07549189095534	3.92111305422215e-09	retina	polr3c	0.114	2.16981132075472
1.0731518759282	4.0497446525301e-09	retina	tfb1m	0.117	2.14545454545455
1.2461112404017	4.35629258168074e-09	retina	hgh1	0.092	2.38461538461538
0.766305874967418	4.41075772546175e-09	retina	rab5if	0.184	1.85
0.672583529128677	4.63347576938489e-09	retina	kazna	0.097	2.33333333333333
0.710269036093414	4.76759396325043e-09	retina	ldlrad4a	0.209	1.76470588235294
0.676875126098289	4.89675088166192e-09	retina	eif4ba	0.225	1.71212121212121
0.744451716979863	5.09531876374836e-09	retina	gar1	0.213	1.73983739837398
0.713448789772412	5.17467645377027e-09	retina	tmem161b	0.239	1.66666666666667
0.989770202903733	5.18243988237044e-09	retina	bahd1	0.119	2.14285714285714
0.860450251961353	5.60129971439036e-09	retina	CU302200.1	0.112	2.2156862745098
0.835271711429978	6.18478500131552e-09	retina	sfxn2	0.13	2.07936507936508
0.997897298584245	6.71893684331655e-09	retina	ndufs4	0.173	1.83157894736842
0.87089488055812	6.88453972703603e-09	retina	rftn2	0.162	1.8953488372093
1.50229195724182	7.51838665151008e-09	retina	slc35e4	0.058	2.95
1.44073214425613	7.58013273193301e-09	retina	CABZ01118575.1	0.061	2.95238095238095
0.982954843009725	8.52064121985488e-09	retina	glud1b	0.121	2.10344827586207
0.950484587208482	8.76868615824436e-09	retina	srpk3	0.127	2.09836065573771
1.20670768906124	9.12150359879777e-09	retina	traf2b	0.078	2.54838709677419
0.982183328027727	1.05787874226502e-08	retina	cry3b	0.119	2.10526315789474
1.13358961586671	1.07197623105314e-08	retina	si:ch211-199g17.2	0.104	2.1875
0.845086418943734	1.15577981112435e-08	retina	MYG1	0.186	1.78095238095238
0.957579338084997	1.17353139895321e-08	retina	iars1	0.122	2.08474576271186
0.750617973793872	1.3240274039619e-08	retina	slc39a13	0.214	1.70634920634921
0.749049412785371	1.36399479757088e-08	retina	ankib1a	0.179	1.81818181818182
0.862541311185977	1.39013448692104e-08	retina	coil	0.189	1.77570093457944
1.0936542542305	1.43857727242567e-08	retina	fastkd2	0.105	2.20833333333333
1.7006926693697	1.45444116842658e-08	retina	si:ch211-136a13.1	0.051	3.25
0.32747750278987	1.45588799445679e-08	retina	pkdcca	0.274	1.6566265060241
0.550996044698698	1.46227353742617e-08	retina	abce1	0.31	1.57070707070707
0.864015269006672	1.60829750532958e-08	retina	rfx7a	0.157	1.90361445783133
0.753071562809462	1.74610223618175e-08	retina	sars1	0.245	1.62913907284768
1.16250843839514	1.85100114075383e-08	retina	phactr2	0.078	2.54838709677419
0.902831500887826	1.99746349308494e-08	retina	letm2	0.138	1.98571428571429
1.26835964045312	2.08701934959723e-08	retina	trmt61b	0.076	2.56666666666667
0.784013960082935	2.20014579976128e-08	retina	pde12	0.172	1.84042553191489
1.08478948323023	2.50673172805839e-08	retina	lhfpl6	0.077	2.51612903225806
0.746691941082532	2.73045073436788e-08	retina	polr3b	0.187	1.79047619047619
0.615484393373842	2.83969435334375e-08	retina	rif1	0.318	1.50471698113208
0.544047990276504	2.87112113213985e-08	retina	zdhhc5a	0.295	1.55789473684211
0.70649661458925	3.06302335170659e-08	retina	nomo	0.242	1.62
0.621993982971745	3.38081464213443e-08	retina	trmt11	0.211	1.73770491803279
1.09382176274663	3.45213953875501e-08	retina	oat	0.107	2.16
1.29082382878697	3.4696998661781e-08	retina	rdh14b	0.084	2.36111111111111
1.43490662530226	3.75714534712699e-08	retina	si:dkey-184p18.2	0.074	2.58620689655172
1.54614923104454	3.79506021790541e-08	retina	slc4a1b	0.056	3
0.663124551118182	3.81112105280551e-08	retina	naa10	0.23	1.65
0.553442844526539	3.83966537435802e-08	retina	si:dkey-95p16.2	0.306	1.57435897435897
0.721083268997375	3.95320993508805e-08	retina	ngdn	0.224	1.66666666666667
0.805782267386139	4.01714267753425e-08	retina	utp15	0.17	1.81914893617021
1.36989311789895	4.24541195238507e-08	retina	them4	0.063	2.78260869565217
0.601866103967574	4.32626907354763e-08	retina	ier5l	0.211	1.73770491803279
1.0871310128455	4.49262104001756e-08	retina	pde4ca	0.089	2.36842105263158
0.582619434961663	4.64050386911428e-08	retina	ptdss2	0.288	1.56216216216216
0.707568124744271	4.71689217638529e-08	retina	srpra	0.229	1.65467625899281
0.556607612570608	4.87852548284811e-08	retina	eif3ja	0.292	1.5752688172043
0.867398367252278	5.08939778968755e-08	retina	mrpl28	0.123	2.06666666666667
0.542149933935698	5.12626904511221e-08	retina	p3h1	0.301	1.55670103092783
0.791066413042746	5.75049639884212e-08	retina	ftsj3	0.15	1.91139240506329
0.658573011624726	5.84260989150447e-08	retina	mrpl12	0.247	1.62091503267974
1.3710029806911	5.91978099847615e-08	retina	ccdc25	0.058	2.95
0.649775928149415	6.77859261659654e-08	retina	slc25a26	0.231	1.66906474820144
1.03919719432361	6.82438868248529e-08	retina	ccdc59	0.097	2.22727272727273
0.785989146775401	6.834936620473e-08	retina	xxylt1	0.193	1.71681415929204
0.656305773534873	6.89567675522851e-08	retina	mcm9	0.263	1.59036144578313
1.76849806601953	7.14531271952061e-08	retina	taar20i	0.052	3.11764705882353
0.977743280809156	7.34574327598048e-08	retina	polr3e	0.132	1.98507462686567
0.595385790890372	7.48842538229979e-08	retina	nop53	0.261	1.61728395061728
1.16211703129943	7.90225815562577e-08	retina	timm13	0.097	2.22727272727273
1.10543518894874	8.05716629001947e-08	retina	nifk	0.115	2.07142857142857
1.26388330459258	8.5011944569196e-08	retina	sc:d0202.1	0.064	2.70833333333333
1.20621708253874	9.07485262673058e-08	retina	elp5	0.08	2.45454545454545
0.670845716877221	9.14684098391384e-08	retina	hars	0.191	1.76146788990826
0.880904400827766	9.30412257551091e-08	retina	prmt7	0.14	1.93150684931507
1.03814837846034	9.47549833285961e-08	retina	tsr3	0.085	2.38888888888889
1.16883215467666	9.50612682239703e-08	retina	CR381647.5	0.075	2.53333333333333
1.17299655525338	9.63626561081964e-08	retina	jmjd7	0.074	2.58620689655172
0.647847797287671	1.00262113267622e-07	retina	dhx16	0.269	1.5606936416185
1.47079820987681	1.01244545485858e-07	retina	si:ch1073-358c10.1	0.055	2.94736842105263
1.48848120061442	1.04615949348461e-07	retina	tpi1b	0.058	2.80952380952381
1.03262686935568	1.0515099015585e-07	retina	CT573476.1	0.09	2.33333333333333
0.775918952608731	1.19646066991163e-07	retina	rpap1	0.194	1.72566371681416
0.723253349893025	1.20410554411791e-07	retina	mtap	0.205	1.70247933884298
0.806384467184084	1.24019786138307e-07	retina	riok1	0.171	1.79166666666667
0.747381588483064	1.27869589184103e-07	retina	kpna6	0.203	1.71428571428571
1.19494455785566	1.31594906411907e-07	retina	sergef	0.084	2.36111111111111
0.517348166730778	1.37554083244561e-07	retina	rraga	0.328	1.50228310502283
1.13676117242363	1.38232550894349e-07	retina	prkcdb	0.088	2.34210526315789
0.62891841672853	1.51039464017564e-07	retina	rap1ab	0.283	1.51871657754011
0.827917601751428	1.51591726647442e-07	retina	adarb2	0.131	1.97014925373134
0.88570070259168	1.66848363423212e-07	retina	megf11	0.073	2.55172413793103
1.17056331695401	1.76151991959526e-07	retina	thg1l	0.08	2.38235294117647
1.05397881988853	1.92000973657692e-07	retina	lman1	0.107	2.11764705882353
0.898633356167455	2.15990949512909e-07	retina	mapre1a	0.135	1.91549295774648
0.841718823741126	2.31347299974219e-07	retina	fam126a	0.146	1.88461538461538
0.998102204952021	2.45771783837783e-07	retina	adam12	0.124	1.953125
0.838352473791617	2.47420566096597e-07	retina	BX572077.1	0.167	1.78723404255319
0.827116997997861	2.47886436455405e-07	retina	cnot6l	0.154	1.82352941176471
0.835529907560235	2.52802642507588e-07	retina	pacs2	0.135	1.94285714285714
0.824746522636913	2.59011163139788e-07	retina	dazap1	0.145	1.87179487179487
1.35105011940465	2.60298129399378e-07	retina	wdr4	0.062	2.625
0.650772177115719	2.71456995191701e-07	retina	cdca7b	0.282	1.52150537634409
0.649894946384848	2.94509623387582e-07	retina	osbpl5	0.217	1.65151515151515
1.14335410953193	2.99828408695324e-07	retina	foxo3b	0.12	2.01666666666667
0.809958332201124	3.09301355521146e-07	retina	coa3a	0.155	1.83529411764706
0.689413866216027	3.09515613922855e-07	retina	ppid	0.195	1.70434782608696
0.967417095212147	3.54548724448592e-07	retina	tmem64	0.135	1.91549295774648
0.562031203990928	3.55949463556803e-07	retina	dnajc5ab	0.271	1.57225433526012
1.5002800899861	3.56444995291848e-07	retina	bokb	0.056	2.85
1.33959827137531	3.67555747394181e-07	retina	MCMDC2	0.071	2.48275862068965
1.12855833585361	3.77779033374652e-07	retina	AL954696.1	0.091	2.24390243902439
1.26851307233345	4.0965668715727e-07	retina	trub1	0.076	2.40625
1.17578715408107	4.11981782304572e-07	retina	exosc6	0.084	2.2972972972973
0.730124386556159	4.1433984724144e-07	retina	vps13a	0.174	1.76767676767677
0.664500676599427	4.79440013970605e-07	retina	tasp1	0.254	1.56441717791411
0.886114812022771	4.80598099541482e-07	retina	hspa4a	0.15	1.84146341463415
1.04298657068064	4.96391674276688e-07	retina	eef1akmt1	0.098	2.15217391304348
0.921117707037284	5.08342579475576e-07	retina	prune	0.138	1.87837837837838
0.575322595593593	5.18090326148783e-07	retina	esyt2a	0.243	1.58441558441558
0.569251859040549	5.42070796967327e-07	retina	cct4	0.281	1.53260869565217
0.54149449162277	5.93677173115096e-07	retina	suz12a	0.291	1.52083333333333
0.83007748148269	5.95699178182926e-07	retina	nom1	0.139	1.89189189189189
0.681254746533134	6.03388312132885e-07	retina	pno1	0.214	1.65384615384615
0.902048452291579	6.29688269823831e-07	retina	dhps	0.13	1.92647058823529
1.2680155212283	6.96866930736176e-07	retina	nmd3	0.079	2.35294117647059
0.709121565576813	8.39365535654545e-07	retina	lrrc47	0.168	1.77894736842105
0.987060873042719	8.54264908627134e-07	retina	inpp5b	0.102	2.10204081632653
0.789577273211735	9.07737848712421e-07	retina	elp1	0.162	1.77173913043478
0.643444570502418	9.72098337847253e-07	retina	nup62l	0.244	1.57051282051282
0.742092485263154	1.01863735700186e-06	retina	znrd2	0.148	1.83950617283951
0.76069116782821	1.04542333263737e-06	retina	MRPS12	0.157	1.79545454545455
0.746658235539992	1.06411959975764e-06	retina	naa50	0.171	1.75510204081633
1.35292584846238	1.06489309290553e-06	retina	tsen15	0.068	2.46428571428571
0.696610780357885	1.07451031505915e-06	retina	pptc7b	0.194	1.69565217391304
1.14780478443772	1.07506640606173e-06	retina	CT009620.1	0.084	2.23684210526316
0.611213832333174	1.0981206058472e-06	retina	ago4	0.207	1.65079365079365
1.29549184965089	1.10294851773294e-06	retina	CT573103.4	0.066	2.48148148148148
1.01024121616876	1.14371124819023e-06	retina	BX284696.1	0.116	1.98305084745763
0.850456230771599	1.23344836578906e-06	retina	crcp	0.119	1.9672131147541
1.38560593339106	1.2486026922528e-06	retina	CABZ01113599.1	0.053	2.84210526315789
0.686506363758065	1.25382589680386e-06	retina	ythdf2	0.25	1.55900621118012
1.26213069581981	1.29181007907355e-06	retina	slc25a10	0.063	2.56
1.50052250121761	1.30926689636728e-06	retina	mgmt	0.054	2.75
1.05505148160552	1.37365107731707e-06	retina	zgc:161973	0.085	2.20512820512821
0.612816840371028	1.4141743455607e-06	retina	aass	0.198	1.6864406779661
1.03022289128463	1.45166002460083e-06	retina	ddx55	0.08	2.31428571428571
0.887030092379131	1.45456350186859e-06	retina	cfl2	0.085	2.26315789473684
0.713293693106157	1.50723387588851e-06	retina	pms1	0.172	1.74747474747475
1.37184196542919	1.53547781559915e-06	retina	BX294178.2	0.056	2.71428571428571
1.02489457110893	1.54302693123937e-06	retina	hspa14	0.097	2.1304347826087
1.1539786771642	1.58276742072833e-06	retina	hspbp1	0.095	2.13333333333333
0.885351401025212	1.73562318612205e-06	retina	dpyda.3	0.12	1.95161290322581
1.36650896752679	1.74075142180249e-06	retina	dhx32a	0.064	2.5
0.616107006454243	1.84661542796783e-06	retina	orc1	0.218	1.63432835820896
0.919734396979668	1.8475002858467e-06	retina	dcaf13	0.129	1.91176470588235
0.728473221082906	1.85899162161051e-06	retina	slc35c2	0.147	1.82716049382716
0.835099845338283	1.8760071212597e-06	retina	dlg3	0.194	1.65254237288136
0.777427433195437	1.93851280727496e-06	retina	riox1	0.157	1.7752808988764
0.874897427949188	1.99103846760328e-06	retina	rtn4ip1	0.096	2.15555555555556
0.256061441354941	2.09586438103245e-06	retina	slit2	0.271	1.58139534883721
0.766254185050964	2.1255742676195e-06	retina	hccsb	0.14	1.85526315789474
0.449883210801719	2.15031689869232e-06	retina	aif1l	0.305	1.5
0.639211652856692	2.17410903597466e-06	retina	glsa	0.194	1.69565217391304
0.796023099374346	2.24666589630278e-06	retina	g6pd	0.192	1.64957264957265
1.46537256059589	2.25639317746284e-06	retina	gtpbp3	0.055	2.66666666666667
0.989667989065548	2.30633100985261e-06	retina	dip2cb	0.085	2.20512820512821
0.717929102327235	2.38947393988103e-06	retina	slc25a39	0.167	1.75
0.775764304334424	2.39980992995036e-06	retina	bach2a	0.134	1.875
0.612575492718851	2.45105570782078e-06	retina	cct5	0.262	1.53801169590643
0.583022727021197	2.48195420395313e-06	retina	jade1	0.25	1.55900621118012
0.728123568543345	2.54470716715239e-06	retina	tbc1d5	0.147	1.82716049382716
0.877090249378657	2.5572426728792e-06	retina	cers1	0.13	1.89855072463768
0.699110936366356	2.56932329876216e-06	retina	CABZ01069040.1	0.165	1.76595744680851
0.820860456185363	2.63450351864387e-06	retina	fabp11a	0.092	2.16279069767442
1.43312909278851	2.6722873246565e-06	retina	BX511246.1	0.052	2.78947368421053
1.01498176445115	2.71491180205604e-06	retina	trmt10b	0.117	1.9344262295082
1.17079840050256	2.75352386128803e-06	retina	mical2b	0.068	2.46428571428571
1.49196077861263	2.91672675919082e-06	retina	anxa11a	0.058	2.68181818181818
0.734486115383007	3.0198484412781e-06	retina	nudt1	0.161	1.74193548387097
0.591579145718972	3.03495910375068e-06	retina	pdap1a	0.254	1.53614457831325
0.910201573906681	3.04456658143187e-06	retina	hsd17b12a	0.109	2
0.948571876336375	3.07345892917654e-06	retina	ldhba	0.105	2.03846153846154
0.73732998450371	3.29484792294655e-06	retina	jagn1b	0.186	1.68468468468468
0.590304955631661	3.29509550400518e-06	retina	usp44	0.258	1.52352941176471
0.796899147377339	3.32679272494072e-06	retina	aprt	0.126	1.95384615384615
0.717150878648498	3.45126299473931e-06	retina	wdr55	0.16	1.75
0.865519505409493	3.52206767821399e-06	retina	gfer	0.15	1.79761904761905
0.548663899156758	3.79412032377833e-06	retina	nfatc3a	0.187	1.69369369369369
0.821880026582463	3.88591101529285e-06	retina	scly	0.14	1.80769230769231
1.26263028492828	3.94354861681586e-06	retina	pard3ba.1	0.059	2.60869565217391
0.929029124275159	4.08101398113346e-06	retina	ppat	0.149	1.76470588235294
0.700404159188224	4.10045647655949e-06	retina	ppp2r2aa	0.148	1.81707317073171
0.790449402190246	4.24326685896429e-06	retina	aldob	0.147	1.80487804878049
1.54012625321813	4.26858105953272e-06	retina	tor3a	0.053	2.7
1.17884657141939	4.45424084469995e-06	retina	mrpl41	0.061	2.58333333333333
1.01100435661052	4.6291465856264e-06	retina	isg20	0.111	1.96491228070175
0.602352332344008	4.85005654785946e-06	retina	thrb	0.261	1.52325581395349
0.868303130172342	4.9711289202167e-06	retina	mrps33	0.096	2.10869565217391
0.898729881222305	5.13439280182062e-06	retina	phb2b	0.101	2.04
0.578986765134712	5.24829005875023e-06	retina	tln2a	0.25	1.5398773006135
1.05658911949032	5.31087754955621e-06	retina	c1qtnf12	0.069	2.41379310344828
1.03345021974394	5.35090935859008e-06	retina	dmxl2	0.08	2.25
0.792745198215763	5.57465694725752e-06	retina	pus3	0.124	1.89393939393939
1.07396575262797	5.57578625754992e-06	retina	cbwd	0.073	2.3125
0.594895146271261	5.61141471040432e-06	retina	pcdh18b	0.151	1.78823529411765
0.649531242686613	6.03630365328539e-06	retina	miga1	0.188	1.65789473684211
1.19512384765759	6.35290041982043e-06	retina	rps6ka3b	0.058	2.56521739130435
0.663723918346467	6.93979140850119e-06	retina	znf106b	0.207	1.61240310077519
0.701146821894886	6.98523553574997e-06	retina	smad7	0.199	1.61290322580645
0.865166135450164	7.23744643973305e-06	retina	twnk	0.119	1.9047619047619
0.796123347337241	7.46067298604276e-06	retina	nfr	0.185	1.64601769911504
0.899863684508422	7.66392041931456e-06	retina	cox7a2l	0.117	1.9344262295082
1.06456780471906	7.96942138240147e-06	retina	bysl	0.095	2.04255319148936
1.30078325614702	8.17990490898606e-06	retina	gtpbp1l	0.051	2.73684210526316
0.681191946954378	8.33977734442904e-06	retina	trmt112	0.138	1.82894736842105
0.714983548476677	8.40014796546646e-06	retina	bzw1b	0.216	1.58394160583942
1.11628260260296	8.44811871312081e-06	retina	emg1	0.092	2.06666666666667
0.686874266617001	8.54304580768477e-06	retina	ireb2	0.19	1.66086956521739
0.955683161897839	9.03933835413632e-06	retina	slc6a22.1	0.084	2.17948717948718
0.910768974260624	9.49555834950385e-06	retina	mrps31	0.107	2
1.12431877340974	1.04349643704767e-05	retina	prickle3	0.073	2.3125
0.562547860126593	1.04676345899219e-05	retina	phf3	0.229	1.56462585034014
0.868406750722172	1.05911971230407e-05	retina	exosc8	0.114	1.91666666666667
1.33241761927276	1.08547764152638e-05	retina	ypel3	0.06	2.54166666666667
0.910486407264479	1.09569719789927e-05	retina	gstcd	0.114	1.91666666666667
1.26208752130771	1.15593989944946e-05	retina	si:dkey-29p23.1	0.06	2.54166666666667
1.11844023939067	1.21396524650835e-05	retina	mrm3b	0.077	2.22857142857143
0.826785394782392	1.23871750006888e-05	retina	timm10	0.109	1.96428571428571
0.750024651676566	1.26660227472195e-05	retina	gpn1	0.158	1.72826086956522
0.735341260513435	1.28854569244721e-05	retina	denr	0.208	1.57142857142857
0.580295614908487	1.2998359573503e-05	retina	dis3	0.262	1.52023121387283
0.74730055456192	1.3856614582755e-05	retina	mrps17	0.133	1.83561643835616
0.537803191303685	1.41763829678183e-05	retina	tia1l	0.264	1.50568181818182
0.908654285491224	1.48119128214837e-05	retina	pbdc1	0.102	1.98076923076923
0.550337068784816	1.60973574235638e-05	retina	fubp3	0.242	1.55769230769231
0.92644369525568	1.61642038637661e-05	retina	noc4l	0.116	1.88709677419355
0.714568564970992	1.6994712121363e-05	retina	gnb1l	0.15	1.75581395348837
0.581885754595884	1.72487456108689e-05	retina	tpm1	0.214	1.59259259259259
1.34580016911924	1.74388645002145e-05	retina	alg1	0.061	2.48
0.807582959768468	1.80868820836244e-05	retina	FQ311908.1	0.12	1.890625
0.893315116074105	1.82238006313268e-05	retina	ccdc43	0.124	1.83823529411765
0.933114590061213	1.86946627690875e-05	retina	IGLON5	0.138	1.75949367088608
1.1042082945279	1.91807916869586e-05	retina	mrpl9	0.078	2.19444444444444
0.885921397756984	1.92505245665442e-05	retina	lypd6	0.118	1.88888888888889
1.20539908046515	1.93255182161823e-05	retina	wdr6	0.057	2.52173913043478
0.860776255525333	2.07707399457157e-05	retina	agps	0.107	1.96363636363636
1.08462135996405	2.108232661427e-05	retina	si:ch211-239j9.1	0.077	2.22857142857143
1.13560102828165	2.11047938333339e-05	retina	dalrd3	0.066	2.31034482758621
1.66072167286384	2.20126098535999e-05	retina	CU075735.2	0.052	2.65
0.473762248790323	2.39090462139225e-05	retina	alcama	0.138	1.80519480519481
0.696795786854565	2.48802270653991e-05	retina	ctu2	0.148	1.75294117647059
0.911312994608138	2.53924314588122e-05	retina	adi1	0.107	1.96363636363636
0.675542516519387	2.54992612893078e-05	retina	timm8b	0.174	1.66666666666667
0.967975510900125	2.55640896918067e-05	retina	plpbp	0.075	2.23529411764706
0.790224404897458	2.62245218921067e-05	retina	znf706	0.139	1.77215189873418
1.0273135358384	2.62413684584499e-05	retina	taar10	0.072	2.28125
1.08408763998579	2.62896169813859e-05	retina	wbp1lb	0.076	2.2
0.697584233163927	2.72259798391762e-05	retina	gclc	0.143	1.75609756097561
0.629137366123732	2.73546235826399e-05	retina	epn2	0.233	1.52941176470588
0.518644126066393	2.77010119978015e-05	retina	lmo4a	0.188	1.62931034482759
0.994805128453458	2.79179199060909e-05	retina	foxo4	0.113	1.9
1.1353850269955	2.79400292127211e-05	retina	krr1	0.062	2.42307692307692
0.522098004851027	2.8033216289424e-05	retina	uggt1	0.237	1.56578947368421
0.633651077593199	3.02545873431506e-05	retina	rrbp1b	0.169	1.68316831683168
0.898965440183429	3.05192874683786e-05	retina	si:dkey-17m8.1	0.104	1.94444444444444
1.04683071186083	3.17894671542043e-05	retina	pycr3	0.091	2.04444444444444
1.17380915453303	3.37342277949052e-05	retina	si:ch1073-143l10.2	0.062	2.42307692307692
0.980283571518348	3.46367955122634e-05	retina	nol12	0.096	1.97959183673469
0.989823783466712	3.62925908056793e-05	retina	ttc4	0.082	2.12820512820513
1.31046459551247	3.81420426304743e-05	retina	rpp14	0.074	2.20588235294118
0.842110320622888	3.82142119799197e-05	retina	m6pr	0.126	1.84057971014493
0.644453979012241	3.87860066575746e-05	retina	exosc9	0.135	1.81333333333333
1.18506153760235	3.89067391282268e-05	retina	zgc:136971	0.081	2.1025641025641
0.904196657171099	3.95057331377391e-05	retina	utp11	0.124	1.81159420289855
0.745207550194353	4.03011357128288e-05	retina	qser1	0.157	1.6989247311828
0.925500004694138	4.18022097252417e-05	retina	dap3	0.096	1.97959183673469
0.798650270927253	4.29580471356947e-05	retina	alkbh1	0.126	1.84057971014493
0.902111624608211	4.46744173013118e-05	retina	prelid3b	0.1	1.98039215686275
0.973222051287742	4.52843031970583e-05	retina	mmrn2a	0.073	2.24242424242424
0.685081602767004	4.61273043539058e-05	retina	slc36a1	0.141	1.775
0.77843328545372	4.631972656839e-05	retina	si:ch211-156b7.4	0.127	1.82857142857143
0.906583063100834	4.67745931314752e-05	retina	cmc1	0.101	1.96153846153846
0.776243565478237	4.69674348250194e-05	retina	lipf	0.147	1.72093023255814
1.20633010617727	4.72803900847359e-05	retina	CR376779.1	0.071	2.25
0.800380861875092	4.82522018696429e-05	retina	BX649384.3	0.073	2.24242424242424
0.646801365759585	4.84320235912719e-05	retina	epc2	0.194	1.59836065573771
0.682487521298559	4.90213280926309e-05	retina	rhebl1	0.195	1.59349593495935
0.986195318656927	5.13206250544641e-05	retina	tbck	0.089	2.04545454545455
0.67278247148082	5.13381091771052e-05	retina	si:dkey-100n23.5	0.128	1.84285714285714
1.22711283483641	5.23258212204878e-05	retina	akr7a3	0.061	2.38461538461538
1.06355009223467	5.30148131827638e-05	retina	glo1	0.089	2.04545454545455
0.665656070040597	5.30597896146878e-05	retina	st13	0.176	1.63888888888889
1.17622445694034	5.39423567141305e-05	retina	rbm24b	0.063	2.37037037037037
0.821779708048138	5.43298213923661e-05	retina	tsc1a	0.103	1.9622641509434
1.02645045319716	5.53190045752163e-05	retina	tmem126a	0.077	2.16666666666667
0.505829925756026	5.62050685324091e-05	retina	fkbp3	0.224	1.5625
0.668019777452089	5.80301474125639e-05	retina	lrwd1	0.156	1.70652173913043
0.875165036747118	5.89573948438479e-05	retina	ddx49	0.09	2.06818181818182
1.16144625461299	6.00347438450909e-05	retina	extl2	0.064	2.32142857142857
0.620406400298318	6.2811204629962e-05	retina	trnau1apa	0.191	1.6
0.618927927559016	6.44746197485915e-05	retina	ube2g1b	0.151	1.74712643678161
0.468369327413176	6.66540442296477e-05	retina	pim1	0.253	1.51190476190476
0.640387158560378	6.97910510018157e-05	retina	plekhm3	0.193	1.59016393442623
1.03334923273981	6.9857202727427e-05	retina	tmem161a	0.091	2
0.60569193904682	7.00119475165611e-05	retina	fmnl2a	0.114	1.88524590163934
0.642437674745898	7.00493252367512e-05	retina	rars1	0.191	1.6
0.588800516431128	7.12859967312223e-05	retina	snapc3	0.21	1.56296296296296
0.896436377912284	7.6934660278369e-05	retina	umps	0.113	1.86885245901639
1.20671391986647	7.82725774688241e-05	retina	nfs1	0.054	2.5
0.861071952197258	8.16597655886981e-05	retina	qdprb1	0.1	1.94230769230769
1.06588816238608	8.18921495312751e-05	retina	pacs1a	0.071	2.25
0.720074942103062	8.19301005031367e-05	retina	lars2	0.126	1.81428571428571
1.29345372158907	8.44823142828076e-05	retina	slc11a2	0.053	2.57142857142857
1.19760889209252	8.94550284449305e-05	retina	si:dkey-16j16.4	0.053	2.57142857142857
0.799136721205223	9.11520365499893e-05	retina	lars1a	0.143	1.69411764705882
0.797475656654659	9.32972521503494e-05	retina	zzef1	0.128	1.79166666666667
0.681171342659777	9.33199176494204e-05	retina	mrps11	0.154	1.68478260869565
0.775592182975869	0.000101898443857518	retina	josd2	0.102	1.94339622641509
1.10938208441892	0.000102651114492084	retina	alad	0.072	2.21212121212121
0.898256888912416	0.000105413467371894	retina	eif4e2	0.11	1.88135593220339
1.03869585326619	0.000108767153017876	retina	phb	0.096	1.94
1.06935939131177	0.000115757129582939	retina	SGK3	0.072	2.21212121212121
1.18625713398138	0.000117334656205659	retina	mettl25	0.05	2.55
0.612289204704003	0.000121179766845345	retina	fars2	0.177	1.63302752293578
0.772677846769358	0.000128581977815371	retina	psat1	0.123	1.79710144927536
0.726466310218531	0.000130540258483125	retina	zgc:92335	0.107	1.89473684210526
0.58104933194317	0.000146028767958971	retina	eif4e1c	0.209	1.54411764705882
1.14975027380277	0.000146162064875608	retina	si:dkey-48p11.3	0.064	2.24137931034483
0.702826168664334	0.000149480016875481	retina	poldip2	0.118	1.83076923076923
0.51717557683977	0.000150503479982801	retina	si:dkeyp-120h9.1	0.246	1.50609756097561
1.16209241442662	0.000151738563481608	retina	crfb15	0.066	2.23333333333333
1.02748140971302	0.000155500246200893	retina	etfbkmt	0.07	2.21875
1.09657852831673	0.000158330733272329	retina	ftsj1	0.061	2.2962962962963
0.848928823434183	0.000164815245629611	retina	pebp1	0.09	2.02222222222222
1.0792846686352	0.000171300142692263	retina	dusp12	0.052	2.52380952380952
1.08210314317128	0.000171779577823249	retina	polr3h	0.075	2.11111111111111
0.900608868645344	0.000174988596956946	retina	trmt2a	0.094	1.93877551020408
0.510765340965045	0.00018016438005459	retina	kars1	0.241	1.5125
0.780243672716554	0.000188628673336415	retina	slc6a16b	0.149	1.68539325842697
0.6057653596025	0.000190316243485123	retina	romo1	0.171	1.65384615384615
0.81106224347264	0.000197107660479207	retina	si:ch73-340n8.4	0.113	1.83870967741935
0.920474630457964	0.00019717602859748	retina	polr3d	0.083	2.04878048780488
0.880341171695504	0.000197752264712699	retina	asns	0.093	1.95833333333333
0.815309074688188	0.000205361781313647	retina	ddx43	0.107	1.89473684210526
0.887466247177711	0.000205411000906373	retina	nob1	0.086	2.02325581395349
0.548175361050742	0.000209895244374227	retina	bckdhb	0.232	1.52287581699346
0.69763403959109	0.000210276726171328	retina	selenoi	0.143	1.71428571428571
0.682933173077053	0.000216104402485423	retina	rnf41	0.153	1.69230769230769
0.63818928213042	0.000218606562191801	retina	zc3h15	0.181	1.59649122807018
0.70615978611528	0.000218749065827929	retina	si:ch73-1a9.4	0.166	1.63725490196078
0.499502080186491	0.000221967130980349	retina	rtel1	0.227	1.52
0.832803941320844	0.000244463952892179	retina	dcaf17	0.092	1.97872340425532
0.906243090638172	0.00024500167730775	retina	ing5a	0.097	1.92156862745098
0.735325848227812	0.00024643596284283	retina	ptcd3	0.143	1.69411764705882
0.797105902728127	0.000251466838652299	retina	rassf1	0.098	1.94117647058824
0.678092388007262	0.000252093516331347	retina	alg6	0.115	1.84126984126984
0.905501318231916	0.000252239540845473	retina	mmachc	0.093	1.95833333333333
0.816501092667897	0.000253958327040098	retina	gstm.1	0.101	1.88888888888889
0.524493032667419	0.000263203926673795	retina	prdx5	0.198	1.57936507936508
1.01327783967589	0.000265110998309565	retina	slc35d1b	0.081	2.05
0.836761677957582	0.000269163957647263	retina	naprt	0.092	1.97872340425532
0.967634066146608	0.00027021308126392	retina	pam16	0.088	1.97777777777778
1.32032337359214	0.000292023912158317	retina	irf2bp2b	0.052	2.52380952380952
1.05914986788568	0.000309951717831528	retina	acss2l	0.085	2
0.928809337207951	0.00031458263295462	retina	cry-dash	0.076	2.08108108108108
0.905826654826353	0.000317336157132511	retina	cltcl1	0.097	1.92156862745098
0.90710692009562	0.000319084079779166	retina	si:ch211-226m16.2	0.102	1.87272727272727
0.736631445241614	0.000346020885826017	retina	trim35-40	0.13	1.74666666666667
0.601053349862209	0.000346074373886437	retina	pik3r1	0.228	1.50657894736842
1.1671592871045	0.000352648771284124	retina	dus2	0.074	2.08333333333333
0.737798828219951	0.00035772907413218	retina	pdlim7	0.124	1.76056338028169
0.759284289599435	0.000363552728927606	retina	mrpl54	0.105	1.85964912280702
0.827757610793715	0.000364185019540805	retina	guf1	0.081	2.05
1.24266317283312	0.000372479458474583	retina	cabp2b	0.058	2.36
0.752799406547403	0.000378842220264597	retina	LTN1	0.148	1.67415730337079
0.78070785601561	0.000381681995704092	retina	sorbs2a	0.108	1.84745762711864
1.31529754904503	0.000385249723256259	retina	bambib	0.062	2.25
1.25932681384029	0.000387376154512993	retina	eif4ebp3	0.053	2.45454545454545
0.90410357403599	0.000389532880424296	retina	lamp1b	0.095	1.92
0.672567669332853	0.000394159477418069	retina	zgc:110329	0.131	1.76
1.02413962460859	0.000395413385183841	retina	amt	0.075	2.11111111111111
1.32261060754306	0.000402636034902439	retina	fdx1b	0.059	2.30769230769231
1.1547283195059	0.000404171324329014	retina	sema6a	0.053	2.45454545454545
0.58491250577745	0.000447897204320696	retina	hypk	0.217	1.50344827586207
0.728881894162977	0.000462915719676512	retina	srebf1	0.127	1.75342465753425
0.714890612456607	0.000476141354085022	retina	stim1a	0.121	1.76811594202899
0.862249396534561	0.000482193854126902	retina	per2	0.104	1.84210526315789
0.683394238390689	0.0004905963354159	retina	psme3	0.161	1.62
0.692581952064672	0.000491377039512868	retina	gldc	0.148	1.65555555555556
0.811801476998451	0.000504326256301388	retina	csrp2	0.115	1.78461538461538
1.01819086701772	0.000519922833575217	retina	si:ch211-225b11.1	0.063	2.20689655172414
0.597347010742438	0.000532644754682388	retina	guk1a	0.21	1.51798561151079
0.811748613830753	0.000574837332911728	retina	BX908797.1	0.097	1.88461538461538
0.745828957197084	0.000580927714357842	retina	rpap3	0.107	1.86206896551724
0.907613241361339	0.000617032749481387	retina	tln2b	0.074	2.08333333333333
0.777641884296304	0.000640722077892447	retina	nop16	0.104	1.84210526315789
0.817137718137947	0.000665397004431903	retina	bicc1a	0.09	1.93617021276596
1.1456182981819	0.000667995364620251	retina	yrdc	0.05	2.42857142857143
0.729370137278034	0.000698410584479849	retina	wu:fj64h06	0.114	1.796875
0.511482742983634	0.000748790649701375	retina	tomm20b	0.206	1.54477611940298
1.06893485896687	0.00075493279990531	retina	cbx4	0.064	2.16666666666667
1.08022699310406	0.000804842910433861	retina	ogfod1	0.061	2.21428571428571
1.19053562389737	0.000816153257905337	retina	tmem70	0.053	2.34782608695652
0.826177828330729	0.000816308117693729	retina	trpm7	0.109	1.80327868852459
1.02651881367863	0.000854187668071942	retina	BX510992.1	0.081	2
1.2368993335356	0.000875522346390733	retina	CR847503.2	0.06	2.25925925925926
1.01987874489361	0.000878624070737153	retina	stat1a	0.07	2.08823529411765
0.958058362121585	0.000881335601867215	retina	thumpd1	0.058	2.26923076923077
0.701551153992427	0.000887032529390071	retina	CABZ01085052.1	0.137	1.68292682926829
1.04199979069122	0.000898381235184935	retina	lap3	0.062	2.17241379310345
0.698307524674536	0.000920053398587237	retina	ube2t	0.146	1.67045454545455
0.71785028143068	0.000924771687901861	retina	inppl1a	0.117	1.76119402985075
0.90466063265878	0.000926243354132607	retina	FNIP2	0.086	1.93333333333333
0.563172375162212	0.000964295794617158	retina	dbi	0.197	1.53488372093023
0.991811792170519	0.000979115237943652	retina	sdhdb	0.075	2.05405405405405
0.663953401823489	0.00102634502580449	retina	srm	0.131	1.71428571428571
0.673287691058046	0.00104107061929802	retina	rbm34	0.137	1.68292682926829
0.905906316333821	0.00109419132490052	retina	larp1	0.09	1.93617021276596
0.751527195147054	0.00111870985306119	retina	scamp4	0.097	1.88461538461538
0.805909836257488	0.00112510972078259	retina	eif2b4	0.095	1.88235294117647
0.719290286400242	0.00112622501208217	retina	p3h2	0.177	1.53448275862069
0.728261386041958	0.00119043887358488	retina	nup85	0.131	1.69230769230769
0.802376475278827	0.00124107652350367	retina	snrnp48	0.109	1.80327868852459
1.06858094140762	0.00124714097730197	retina	dars2	0.061	2.21428571428571
0.539951139308826	0.00125395917812436	retina	pik3ip1	0.134	1.70886075949367
0.844067620052326	0.00129686168431833	retina	eral1	0.09	1.93617021276596
0.511235997251988	0.00135943925741806	retina	nup88	0.187	1.55371900826446
0.722382805815217	0.00136769227859599	retina	gpatch4	0.152	1.61052631578947
0.692998062042083	0.00137199310279588	retina	wee1	0.169	1.57407407407407
0.614259666195988	0.00145369596431883	retina	TMEM132C	0.142	1.64367816091954
0.638484208190558	0.00146097493394667	retina	bcl9l	0.156	1.63541666666667
0.714399779213135	0.0014714227896884	retina	sephs2	0.123	1.72222222222222
0.762709692218721	0.00147465884455013	retina	asxl2	0.119	1.73913043478261
0.776723800302953	0.00148324274212178	retina	si:ch211-238e22.5	0.102	1.83928571428571
1.11861671650306	0.00148913337918469	retina	mettl1	0.063	2.13333333333333
0.662020150123348	0.00149144315311979	retina	hnrnpr	0.142	1.64367816091954
0.903933885598819	0.00155937711123302	retina	znf622	0.079	2
0.581625104895476	0.00156298936760713	retina	rlf	0.165	1.59615384615385
1.21140116794467	0.00159530343016578	retina	si:ch211-261d7.6	0.058	2.18518518518519
0.442901662545385	0.00170162991365316	retina	apoc1	0.179	1.55172413793103
0.843671801171632	0.00170760341868061	retina	ankle2	0.09	1.89583333333333
0.544233172179016	0.00177103602896288	retina	naa15a	0.208	1.50359712230216
1.00822851923069	0.00177446600631816	retina	gcat	0.055	2.33333333333333
0.53578276937226	0.00177765009638962	retina	uqcrb	0.207	1.50724637681159
1.19772035151152	0.00186581512877817	retina	phyhd1	0.051	2.36363636363636
0.991431227952875	0.00187201050517335	retina	surf2	0.073	2.05555555555556
0.909046389615153	0.00188112216128774	retina	akt1s1	0.075	2
0.896572864463778	0.00197495060657629	retina	grpel1	0.071	2.05714285714286
0.591121749858881	0.0019971985172715	retina	sigmar1	0.134	1.6875
0.923788365785916	0.00200053820088992	retina	wnt9a	0.059	2.22222222222222
0.823770192876521	0.00205818089465271	retina	dph5	0.083	1.95348837209302
0.8113032541001	0.00205856252315447	retina	palb2	0.084	1.93181818181818
0.511629351238312	0.00206441594754176	retina	nup37	0.195	1.53125
0.91809351271542	0.00207863334058376	retina	sdr39u1	0.072	2.08571428571429
0.741490535496473	0.00208686563890646	retina	smfn	0.133	1.69620253164557
1.01668790256132	0.00211724608199391	retina	CU469526.1	0.061	2.13793103448276
0.779657554059621	0.00212382291587915	retina	pms2	0.084	1.93181818181818
0.878795369508182	0.00218296134600798	retina	hist1h4l.1	0.085	1.91111111111111
0.744526791185163	0.00225961685914378	retina	pcdh11.1	0.111	1.77777777777778
0.923695716728452	0.00226250791557247	retina	CU672227.1	0.053	2.34782608695652
0.65522233835711	0.00230817811755257	retina	neurl4	0.129	1.68831168831169
0.365661926129462	0.0023388196047114	retina	egfra	0.162	1.59803921568627
0.639082225510046	0.00239153030089169	retina	dnajc15	0.137	1.66265060240964
0.681203973048508	0.00254987128610031	retina	glsb	0.111	1.77777777777778
0.853868374925501	0.00271449033632208	retina	gspt1	0.092	1.86
1.00170100587492	0.00279595806095275	retina	gss	0.071	2.05714285714286
0.834757879045683	0.00285273739108108	retina	eef2k	0.114	1.74242424242424
0.792811980709984	0.00285808207024398	retina	slc6a16a	0.094	1.86274509803922
0.593485751433118	0.00296235386838588	retina	pip4k2ca	0.191	1.51181102362205
1.06428944653035	0.00308050498210202	retina	rcn3	0.061	2.13793103448276
1.02397349341425	0.00327829226096479	retina	orc2	0.062	2.1
0.784142976658011	0.00330979678765376	retina	adat1	0.094	1.86274509803922
0.685977294797873	0.00336909081642412	retina	nfkb1	0.118	1.72463768115942
0.511058573892839	0.0033696952062551	retina	nudcd1	0.159	1.6
0.70166202967535	0.00338323229856129	retina	tlcd2	0.103	1.79310344827586
0.981329180926702	0.00340860518741638	retina	slc25a32b	0.058	2.18518518518519
0.856116915416458	0.00353644715810036	retina	fnbp1b.1	0.061	2.13793103448276
0.839146449712299	0.00360001548171378	retina	megf6b	0.056	2.28
0.706294917089291	0.00366710177189926	retina	f13a1b	0.101	1.78947368421053
0.821124887399868	0.00386391891326973	retina	mtpap	0.111	1.75
0.628948014982832	0.00388261442009715	retina	stat2	0.141	1.63218390804598
0.890631417277723	0.00398614129319509	retina	mrpl53	0.089	1.875
0.887857281424131	0.00419573735616755	retina	mfsd2aa	0.066	2.03030303030303
0.642095907443187	0.00430558587225835	retina	flad1	0.121	1.69444444444444
0.841870684532615	0.00430633581029801	retina	lsg1	0.096	1.83018867924528
0.811176157601998	0.00435311339377995	retina	hexb	0.104	1.75
0.829351957690921	0.00439040330725793	retina	exosc3.1	0.089	1.875
0.508245074863198	0.00440089575615814	retina	impdh1b	0.173	1.55357142857143
0.586071613569484	0.00444867430312505	retina	stk35l	0.123	1.6986301369863
0.732528263354273	0.00449321094379862	retina	hint1	0.123	1.67567567567568
0.895202094012378	0.00451584602351408	retina	oxa1l	0.076	1.97435897435897
0.692904435868013	0.00455040781239391	retina	rdh10b	0.115	1.73134328358209
0.584617980514719	0.00476389069219444	retina	npm3	0.151	1.6
0.685008598438334	0.00483168948037667	retina	CR339054.7	0.121	1.69444444444444
0.794506744628089	0.00486280753859822	retina	ptcd1	0.092	1.86
0.936210271625836	0.0048830015019174	retina	rpl37	0.071	2
0.711381156154082	0.00492428008123359	retina	nup35	0.145	1.6043956043956
0.872994036419308	0.00498672054285455	retina	mrrf	0.063	2.06451612903226
0.638328355256241	0.00504651086149963	retina	alkbh8	0.137	1.62352941176471
1.03628923853914	0.00510107519136712	retina	mterf2	0.059	2.14285714285714
0.706955344791098	0.00515089117041083	retina	BX927081.1	0.09	1.89583333333333
1.05127774719068	0.00539233703461692	retina	dnaja3b	0.057	2.14814814814815
0.60143894784065	0.00545166934797087	retina	mrpl57	0.147	1.60869565217391
0.561474267927998	0.00546321711136939	retina	slc31a1	0.195	1.50769230769231
0.682799161090995	0.00575199678564149	retina	rev1	0.142	1.60674157303371
0.939857328742143	0.00580466025253121	retina	smpd2b	0.07	2.02857142857143
0.710387757769342	0.00585780845795898	retina	ttll11	0.128	1.65384615384615
0.855541220058355	0.00588167289950761	retina	znf1028	0.093	1.84313725490196
0.491429534154694	0.00601155910043518	retina	znf598	0.146	1.65168539325843
0.639553577102073	0.00648664463593778	retina	polr2f	0.135	1.63855421686747
1.10213874865904	0.00659624792381465	retina	METTL18	0.05	2.31818181818182
0.703963219064724	0.00673301432905448	retina	mrpl34	0.105	1.73770491803279
1.03931269482679	0.00679868954565948	retina	fdft1	0.053	2.25
1.09013152935539	0.00683075154376424	retina	si:ch73-204p21.2	0.065	2
0.993804832648106	0.00708227490274538	retina	aimp2	0.071	2
0.929969032317149	0.00713281603079045	retina	ehhadh	0.079	1.9047619047619
0.896255788523799	0.00722045012942232	retina	mrpl48	0.079	1.9047619047619
0.65529904845134	0.00734694934311978	retina	vgll4b	0.12	1.68055555555556
0.82347946602835	0.00764438089111002	retina	timm9	0.096	1.7962962962963
0.885594532751153	0.00765377451785504	retina	fdx1	0.053	2.25
0.690802836904753	0.00770939615931677	retina	tma16	0.09	1.85714285714286
0.525584938345288	0.00786638676372306	retina	c1d	0.17	1.55454545454545
0.539384701250734	0.00828677683709522	retina	gatb	0.15	1.6063829787234
0.788467482634565	0.00832621450886274	retina	wu:fc75a09	0.083	1.86666666666667
0.726335085477344	0.0085788542281858	retina	dnajc2	0.128	1.63291139240506
1.19657606275282	0.00927504086908021	retina	bcs1l	0.056	2.11111111111111
0.796852876092824	0.00942034342707685	retina	CR626887.3	0.089	1.83673469387755
0.802206947523135	0.00959823634274909	retina	ttc1	0.092	1.82352941176471
